datetime,parameters,duration,accuracy
11/03/2022 13:52:58,"{'model': LGBMClassifier(), 'climate': True, 'geographic': True, 'family': True, 'rock': True, 'stony': True, 'drop_initial_rows': True, 'random_state': 2}",69.93650889396667,0.8928571428571429
11/03/2022 13:56:37,"{'model': LGBMClassifier(), 'climate': True, 'geographic': True, 'family': True, 'rock': True, 'stony': True, 'drop_initial_rows': True, 'random_state': 2}",57.0963351726532,0.8928571428571429
11/03/2022 13:57:52,"{'model': LGBMClassifier(), 'climate': True, 'geographic': True, 'family': True, 'rock': True, 'stony': True, 'drop_initial_rows': True, 'random_state': 2}",58.97,0.8928571428571429
11/03/2022 13:59:21,"{'model': LGBMClassifier(), 'climate': True, 'geographic': True, 'family': True, 'rock': True, 'stony': True, 'drop_initial_rows': False, 'random_state': 2}",57.99,0.8928571428571429
11/03/2022 14:09:27,"{'model': LGBMClassifier(), 'climate': True, 'geographic': True, 'family': True, 'rocky': True, 'stony': True, 'drop_initial_rows': True, 'random_state': 2}",60.61,0.8928571428571429
11/03/2022 14:10:36,"{'model': LGBMClassifier(), 'climate': True, 'geographic': True, 'family': True, 'rocky': True, 'stony': True, 'drop_initial_rows': False, 'random_state': 2}",60.02,0.8928571428571429
11/03/2022 14:23:59,"{'model': LGBMClassifier(learning_rate=0.01, max_depth=32, num_iterations=1024,
               num_leaves=512), 'climate': True, 'geographic': True, 'family': True, 'rocky': True, 'stony': True, 'drop_initial_rows': False, 'random_state': 2}",585.01,0.9093915343915344
11/03/2022 14:35:42,"{'model': LGBMClassifier(learning_rate=0.01, max_depth=32, num_iterations=1024,
               num_leaves=512), 'climate': True, 'geographic': True, 'family': True, 'rocky': True, 'stony': True, 'drop_initial_rows': True, 'random_state': 2}",520.65,0.906084656084656
11/03/2022 19:07:25,"{'model': LGBMClassifier(), 'climate': True, 'geographic': True, 'family': True, 'rocky': True, 'stony': True, 'drop_initial_rows': False, 'random_state': 2}",88.93,0.8928571428571429
11/03/2022 19:11:04,"{'model': HistGradientBoostingClassifier(max_leaf_nodes=512), 'climate': True, 'geographic': True, 'family': True, 'rocky': True, 'stony': True, 'drop_initial_rows': False, 'random_state': 2}",214.21,0.8955026455026455
11/03/2022 19:16:07,"{'model': <catboost.core.CatBoostClassifier object at 0x7fae602d80d0>, 'climate': True, 'geographic': True, 'family': True, 'rocky': True, 'stony': True, 'drop_initial_rows': False, 'random_state': 2}",103.67,0.8776455026455027
13/03/2022 12:33:11,"{'model': ExtraTreesClassifier(max_features=None, n_estimators=300), 'add_climate': True, 'add_geographic': True, 'add_family': True, 'add_rocky': True, 'add_stony': True, 'keep_initial_rows': False, 'random_state': 2}",95.68,0.9047619047619048
13/03/2022 15:58:37,"{'model': ExtraTreesClassifier(max_features=None, n_estimators=300), 'add_eng_features': True, 'add_climate': True, 'add_geographic': True, 'add_family': True, 'add_rocky': True, 'add_stony': True, 'keep_initial_rows': False, 'columns_to_drop': ['ClimZone_3', 'GeoZone_5', 'F_Gothic', 'F_Troutville', 'F_Rogert', 'F_Bross', 'R_Limber_families', 'R_Aquolis', 'R_Cryoborolis', 'R_Cryaquolis', 'R_Borohemists', 'R_Cryaquepts', 'R_Cryaquolls'], 'random_state': 2}",98.21,0.906415343915344
13/03/2022 16:01:16,"{'model': ExtraTreesClassifier(max_features=None, n_estimators=300), 'add_eng_features': True, 'add_climate': True, 'add_geographic': True, 'add_family': True, 'add_rocky': True, 'add_stony': True, 'keep_initial_rows': False, 'columns_to_drop': None, 'random_state': 2}",100.33,0.9021164021164021
13/03/2022 19:52:24,"{'model': ExtraTreesClassifier(max_features=None, n_estimators=300), 'add_eng_features': True, 'add_climate': True, 'add_geographic': True, 'add_family': True, 'add_rocky': True, 'add_stony': True, 'keep_initial_rows': False, 'columns_to_drop': ['Vertical_Distance_To_Hydrology', 'Hillshade_Noon', 'Mean_Distance_Hydrology_Firepoints', 'Mean_Distance_Firepoints_Roadways', 'Wilderness_Area2', 'ClimZone_3', 'ClimZone_5', 'ClimZone_6', 'GeoZone_2', 'GeoZone_5', 'GeoZone_7', 'F_Gothic', 'F_Troutville', 'F_Rogert', 'F_Bross', 'R_Limber_families', 'R_Aquolis', 'R_Cryoborolis', 'R_Cryaquolis', 'R_Borohemists', 'R_Cryaquepts', 'R_Cryumbrepts', 'R_Cryaquolls'], 'random_state': 2}",92.28,0.9031084656084656
13/03/2022 19:54:48,"{'model': ExtraTreesClassifier(max_features=None, n_estimators=300), 'add_eng_features': True, 'add_climate': True, 'add_geographic': True, 'add_family': True, 'add_rocky': True, 'add_stony': True, 'keep_initial_rows': False, 'columns_to_drop': ['Vertical_Distance_To_Hydrology', 'Hillshade_Noon', 'Mean_Distance_Hydrology_Firepoints', 'Mean_Distance_Firepoints_Roadways', 'Wilderness_Area2', 'ClimZone_3', 'ClimZone_5', 'ClimZone_6', 'GeoZone_2', 'GeoZone_5', 'GeoZone_7', 'F_Gothic', 'F_Troutville', 'F_Rogert', 'F_Bross', 'R_Limber_families', 'R_Aquolis', 'R_Cryoborolis', 'R_Cryaquolis', 'R_Borohemists', 'R_Cryaquepts', 'R_Cryumbrepts', 'R_Cryaquolls'], 'random_state': 2}",97.94,0.9004629629629629
13/03/2022 19:56:57,"{'model': ExtraTreesClassifier(max_features=None, n_estimators=300), 'add_eng_features': False, 'add_climate': True, 'add_geographic': True, 'add_family': True, 'add_rocky': True, 'add_stony': True, 'keep_initial_rows': False, 'columns_to_drop': ['Vertical_Distance_To_Hydrology', 'Hillshade_Noon', 'Mean_Distance_Hydrology_Firepoints', 'Mean_Distance_Firepoints_Roadways', 'Wilderness_Area2', 'ClimZone_3', 'ClimZone_5', 'ClimZone_6', 'GeoZone_2', 'GeoZone_5', 'GeoZone_7', 'F_Gothic', 'F_Troutville', 'F_Rogert', 'F_Bross', 'R_Limber_families', 'R_Aquolis', 'R_Cryoborolis', 'R_Cryaquolis', 'R_Borohemists', 'R_Cryaquepts', 'R_Cryumbrepts', 'R_Cryaquolls'], 'random_state': 2}",91.5,0.8998015873015873
13/03/2022 19:58:33,"{'model': ExtraTreesClassifier(max_features=None, n_estimators=300), 'add_eng_features': False, 'add_climate': False, 'add_geographic': False, 'add_family': True, 'add_rocky': True, 'add_stony': True, 'keep_initial_rows': False, 'columns_to_drop': ['F_Gothic', 'F_Troutville', 'F_Rogert', 'F_Bross', 'R_Limber_families', 'R_Aquolis', 'R_Cryoborolis', 'R_Cryaquolis', 'R_Borohemists', 'R_Cryaquepts', 'R_Cryumbrepts', 'R_Cryaquolls'], 'random_state': 2}",95.96,0.9027777777777778
13/03/2022 20:00:22,"{'model': ExtraTreesClassifier(max_features=None, n_estimators=300), 'add_eng_features': True, 'add_climate': True, 'add_geographic': True, 'add_family': True, 'add_rocky': True, 'add_stony': True, 'keep_initial_rows': True, 'columns_to_drop': None, 'random_state': 2}",107.92,0.906084656084656
13/03/2022 20:11:51,"{'model': LGBMClassifier(learning_rate=0.01, max_depth=32, num_iterations=1024,
               num_leaves=512), 'add_eng_features': True, 'add_climate': True, 'add_geographic': True, 'add_family': True, 'add_rocky': True, 'add_stony': True, 'keep_initial_rows': False, 'columns_to_drop': ['ClimZone_3', 'GeoZone_5', 'F_Gothic', 'F_Troutville', 'F_Rogert', 'F_Bross', 'R_Limber_families', 'R_Aquolis', 'R_Cryoborolis', 'R_Cryaquolis', 'R_Borohemists', 'R_Cryaquepts', 'R_Cryaquolls'], 'random_state': 2}",689.22,0.9133597883597884
13/03/2022 20:36:53,"{'model': LGBMClassifier(learning_rate=0.01, max_depth=32, n_estimators=1024,
               num_leaves=512), 'add_eng_features': True, 'add_climate': True, 'add_geographic': True, 'add_family': True, 'add_rocky': True, 'add_stony': True, 'keep_initial_rows': False, 'columns_to_drop': ['ClimZone_3', 'GeoZone_5', 'F_Gothic', 'F_Troutville', 'F_Rogert', 'F_Bross', 'R_Limber_families', 'R_Aquolis', 'R_Cryoborolis', 'R_Cryaquolis', 'R_Borohemists', 'R_Cryaquepts', 'R_Cryaquolls'], 'random_state': 2}",592.02,0.9123677248677249
13/03/2022 20:49:53,"{'model': LGBMClassifier(learning_rate=0.01, max_depth=32, n_estimators=1024,
               num_leaves=512), 'add_eng_features': True, 'add_climate': True, 'add_geographic': True, 'add_family': True, 'add_rocky': True, 'add_stony': True, 'keep_initial_rows': False, 'columns_to_drop': ['ClimZone_3', 'GeoZone_5', 'F_Gothic', 'F_Troutville', 'F_Rogert', 'F_Bross', 'R_Limber_families', 'R_Aquolis', 'R_Cryoborolis', 'R_Cryaquolis', 'R_Borohemists', 'R_Cryaquepts', 'R_Cryaquolls'], 'random_state': 2}",702.08,0.9123677248677249
20/03/2022 12:20:40,"{'model': LogisticRegression(), 'add_eng_features': True, 'add_climate': True, 'add_geographic': True, 'add_family': True, 'add_rocky': True, 'add_stony': True, 'keep_initial_rows': False, 'columns_to_drop': ['ClimZone_3', 'GeoZone_5', 'F_Gothic', 'F_Troutville', 'F_Rogert', 'F_Bross', 'R_Limber_families', 'R_Aquolis', 'R_Cryoborolis', 'R_Cryaquolis', 'R_Borohemists', 'R_Cryaquepts', 'R_Cryaquolls'], 'random_state': 2}",59.22,0.39880952380952384
20/03/2022 12:24:29,"{'model': LGBMClassifier(), 'add_eng_features': True, 'add_climate': True, 'add_geographic': True, 'add_family': True, 'add_rocky': True, 'add_stony': True, 'keep_initial_rows': False, 'columns_to_drop': ['ClimZone_3', 'GeoZone_5', 'F_Gothic', 'F_Troutville', 'F_Rogert', 'F_Bross', 'R_Limber_families', 'R_Aquolis', 'R_Cryoborolis', 'R_Cryaquolis', 'R_Borohemists', 'R_Cryaquepts', 'R_Cryaquolls'], 'random_state': 2}",58.4,0.8991402116402116
20/03/2022 14:19:50,"{'model': LGBMClassifier(), 'add_eng_features': False, 'add_climate': False, 'add_geographic': False, 'add_family': False, 'add_rocky': False, 'add_stony': False, 'keep_initial_rows': True, 'columns_to_drop': ['ClimZone_3', 'GeoZone_5', 'F_Gothic', 'F_Troutville', 'F_Rogert', 'F_Bross', 'R_Limber_families', 'R_Aquolis', 'R_Cryoborolis', 'R_Cryaquolis', 'R_Borohemists', 'R_Cryaquepts', 'R_Cryaquolls'], 'random_state': 2}",17.34,0.9890873015873016
20/03/2022 14:29:32,"{'model': LGBMClassifier(), 'add_eng_features': False, 'add_climate': False, 'add_geographic': False, 'add_family': False, 'add_rocky': False, 'add_stony': False, 'keep_initial_rows': True, 'columns_to_drop': ['ClimZone_3', 'GeoZone_5', 'F_Gothic', 'F_Troutville', 'F_Rogert', 'F_Bross', 'R_Limber_families', 'R_Aquolis', 'R_Cryoborolis', 'R_Cryaquolis', 'R_Borohemists', 'R_Cryaquepts', 'R_Cryaquolls'], 'random_state': 2}",17.04,0.9890873015873016
20/03/2022 14:32:11,"{'model': LGBMClassifier(), 'add_eng_features': False, 'add_climate': False, 'add_geographic': False, 'add_family': False, 'add_rocky': False, 'add_stony': False, 'keep_initial_rows': True, 'columns_to_drop': ['ClimZone_3', 'GeoZone_5', 'F_Gothic', 'F_Troutville', 'F_Rogert', 'F_Bross', 'R_Limber_families', 'R_Aquolis', 'R_Cryoborolis', 'R_Cryaquolis', 'R_Borohemists', 'R_Cryaquepts', 'R_Cryaquolls'], 'random_state': 2}",17.12,0.9890873015873016
20/03/2022 14:39:32,"{'model': LGBMClassifier(), 'add_eng_features': False, 'add_climate': False, 'add_geographic': False, 'add_family': False, 'add_rocky': False, 'add_stony': False, 'keep_initial_rows': True, 'columns_to_drop': ['ClimZone_3', 'GeoZone_5', 'F_Gothic', 'F_Troutville', 'F_Rogert', 'F_Bross', 'R_Limber_families', 'R_Aquolis', 'R_Cryoborolis', 'R_Cryaquolis', 'R_Borohemists', 'R_Cryaquepts', 'R_Cryaquolls'], 'random_state': 2}",16.51,0.9890873015873016
20/03/2022 14:41:57,"{'model': LGBMClassifier(), 'add_eng_features': False, 'add_climate': False, 'add_geographic': False, 'add_family': False, 'add_rocky': False, 'add_stony': False, 'keep_initial_rows': True, 'columns_to_drop': ['ClimZone_3', 'GeoZone_5', 'F_Gothic', 'F_Troutville', 'F_Rogert', 'F_Bross', 'R_Limber_families', 'R_Aquolis', 'R_Cryoborolis', 'R_Cryaquolis', 'R_Borohemists', 'R_Cryaquepts', 'R_Cryaquolls'], 'random_state': 2}",17.77,0.9358465608465608
20/03/2022 14:44:22,"{'model': LGBMClassifier(), 'add_eng_features': True, 'add_climate': True, 'add_geographic': True, 'add_family': True, 'add_rocky': True, 'add_stony': True, 'keep_initial_rows': False, 'columns_to_drop': ['ClimZone_3', 'GeoZone_5', 'F_Gothic', 'F_Troutville', 'F_Rogert', 'F_Bross', 'R_Limber_families', 'R_Aquolis', 'R_Cryoborolis', 'R_Cryaquolis', 'R_Borohemists', 'R_Cryaquepts', 'R_Cryaquolls'], 'random_state': 2}",78.73,0.9884259259259259
20/03/2022 14:47:02,"{'model': LGBMClassifier(), 'add_eng_features': False, 'add_climate': False, 'add_geographic': False, 'add_family': True, 'add_rocky': True, 'add_stony': True, 'keep_initial_rows': False, 'columns_to_drop': ['ClimZone_3', 'GeoZone_5', 'F_Gothic', 'F_Troutville', 'F_Rogert', 'F_Bross', 'R_Limber_families', 'R_Aquolis', 'R_Cryoborolis', 'R_Cryaquolis', 'R_Borohemists', 'R_Cryaquepts', 'R_Cryaquolls'], 'random_state': 2}",77.64,0.9894179894179894
20/03/2022 14:48:35,"{'model': LGBMClassifier(), 'add_eng_features': True, 'add_climate': False, 'add_geographic': False, 'add_family': True, 'add_rocky': True, 'add_stony': True, 'keep_initial_rows': False, 'columns_to_drop': ['ClimZone_3', 'GeoZone_5', 'F_Gothic', 'F_Troutville', 'F_Rogert', 'F_Bross', 'R_Limber_families', 'R_Aquolis', 'R_Cryoborolis', 'R_Cryaquolis', 'R_Borohemists', 'R_Cryaquepts', 'R_Cryaquolls'], 'random_state': 2}",78.18,0.9880952380952381
20/03/2022 15:01:34,"{'model': LGBMClassifier(), 'add_eng_features': False, 'add_climate': False, 'add_geographic': False, 'add_family': True, 'add_rocky': True, 'add_stony': True, 'keep_initial_rows': False, 'columns_to_drop': ['ClimZone_3', 'GeoZone_5', 'F_Gothic', 'F_Troutville', 'F_Rogert', 'F_Bross', 'R_Limber_families', 'R_Aquolis', 'R_Cryoborolis', 'R_Cryaquolis', 'R_Borohemists', 'R_Cryaquepts', 'R_Cryaquolls'], 'random_state': 2}",56.77,0.9894179894179894
20/03/2022 15:09:23,"{'model': LGBMClassifier(), 'add_eng_features': True, 'add_climate': True, 'add_geographic': True, 'add_family': True, 'add_rocky': True, 'add_stony': True, 'keep_initial_rows': False, 'columns_to_drop': ['ClimZone_3', 'GeoZone_5', 'F_Gothic', 'F_Troutville', 'F_Rogert', 'F_Bross', 'R_Limber_families', 'R_Aquolis', 'R_Cryoborolis', 'R_Cryaquolis', 'R_Borohemists', 'R_Cryaquepts', 'R_Cryaquolls'], 'random_state': 2}",49.95,0.8802083333333334
20/03/2022 15:13:42,"{'model': LGBMClassifier(), 'add_eng_features': False, 'add_climate': False, 'add_geographic': False, 'add_family': True, 'add_rocky': True, 'add_stony': True, 'keep_initial_rows': False, 'columns_to_drop': ['ClimZone_3', 'GeoZone_5', 'F_Gothic', 'F_Troutville', 'F_Rogert', 'F_Bross', 'R_Limber_families', 'R_Aquolis', 'R_Cryoborolis', 'R_Cryaquolis', 'R_Borohemists', 'R_Cryaquepts', 'R_Cryaquolls'], 'random_state': 2}",53.01,0.9894179894179894
20/03/2022 15:22:57,"{'model': LGBMClassifier(), 'add_eng_features': True, 'add_climate': True, 'add_geographic': True, 'add_family': True, 'add_rocky': True, 'add_stony': True, 'keep_initial_rows': False, 'columns_to_drop': ['ClimZone_3', 'GeoZone_5', 'F_Gothic', 'F_Troutville', 'F_Rogert', 'F_Bross', 'R_Limber_families', 'R_Aquolis', 'R_Cryoborolis', 'R_Cryaquolis', 'R_Borohemists', 'R_Cryaquepts', 'R_Cryaquolls'], 'random_state': 2}",49.36,0.8802083333333334
20/03/2022 15:28:11,"{'model': LGBMClassifier(), 'add_eng_features': False, 'add_climate': False, 'add_geographic': False, 'add_family': True, 'add_rocky': True, 'add_stony': True, 'keep_initial_rows': False, 'columns_to_drop': ['ClimZone_3', 'GeoZone_5', 'F_Gothic', 'F_Troutville', 'F_Rogert', 'F_Bross', 'R_Limber_families', 'R_Aquolis', 'R_Cryoborolis', 'R_Cryaquolis', 'R_Borohemists', 'R_Cryaquepts', 'R_Cryaquolls'], 'random_state': 2}",53.0,0.9894179894179894
20/03/2022 15:29:11,"{'model': LGBMClassifier(), 'add_eng_features': True, 'add_climate': True, 'add_geographic': True, 'add_family': True, 'add_rocky': True, 'add_stony': True, 'keep_initial_rows': False, 'columns_to_drop': ['ClimZone_3', 'GeoZone_5', 'F_Gothic', 'F_Troutville', 'F_Rogert', 'F_Bross', 'R_Limber_families', 'R_Aquolis', 'R_Cryoborolis', 'R_Cryaquolis', 'R_Borohemists', 'R_Cryaquepts', 'R_Cryaquolls'], 'random_state': 2}",49.47,0.8802083333333334
20/03/2022 15:31:31,"{'model': LGBMClassifier(), 'add_eng_features': False, 'add_climate': False, 'add_geographic': False, 'add_family': True, 'add_rocky': True, 'add_stony': True, 'keep_initial_rows': False, 'columns_to_drop': ['ClimZone_3', 'GeoZone_5', 'F_Gothic', 'F_Troutville', 'F_Rogert', 'F_Bross', 'R_Limber_families', 'R_Aquolis', 'R_Cryoborolis', 'R_Cryaquolis', 'R_Borohemists', 'R_Cryaquepts', 'R_Cryaquolls'], 'random_state': 2}",51.59,0.8755787037037037
20/03/2022 15:32:58,"{'model': LGBMClassifier(), 'add_eng_features': False, 'add_climate': False, 'add_geographic': False, 'add_family': True, 'add_rocky': True, 'add_stony': True, 'keep_initial_rows': False, 'columns_to_drop': ['ClimZone_3', 'GeoZone_5', 'F_Gothic', 'F_Troutville', 'F_Rogert', 'F_Bross', 'R_Limber_families', 'R_Aquolis', 'R_Cryoborolis', 'R_Cryaquolis', 'R_Borohemists', 'R_Cryaquepts', 'R_Cryaquolls'], 'random_state': 2}",58.15,0.9894179894179894
20/03/2022 15:35:39,"{'model': LGBMClassifier(), 'add_eng_features': True, 'add_climate': True, 'add_geographic': True, 'add_family': True, 'add_rocky': True, 'add_stony': True, 'keep_initial_rows': False, 'columns_to_drop': ['GeoZone_2', 'ClimZone_3', 'GeoZone_5', 'F_Gothic', 'F_Troutville', 'F_Rogert', 'F_Bross', 'R_Limber_families', 'R_Aquolis', 'R_Cryoborolis', 'R_Cryaquolis', 'R_Borohemists', 'R_Cryaquepts', 'R_Cryaquolls'], 'random_state': 2}",9.31,0.9290123456790124
20/03/2022 15:37:48,"{'model': LGBMClassifier(), 'add_eng_features': False, 'add_climate': False, 'add_geographic': False, 'add_family': True, 'add_rocky': True, 'add_stony': True, 'keep_initial_rows': False, 'columns_to_drop': ['ClimZone_3', 'GeoZone_5', 'F_Gothic', 'F_Troutville', 'F_Rogert', 'F_Bross', 'R_Limber_families', 'R_Aquolis', 'R_Cryoborolis', 'R_Cryaquolis', 'R_Borohemists', 'R_Cryaquepts', 'R_Cryaquolls'], 'random_state': 2}",54.49,0.8755787037037037
20/03/2022 15:39:18,"{'model': LGBMClassifier(), 'add_eng_features': False, 'add_climate': False, 'add_geographic': False, 'add_family': True, 'add_rocky': True, 'add_stony': True, 'keep_initial_rows': False, 'columns_to_drop': ['ClimZone_3', 'GeoZone_5', 'F_Gothic', 'F_Troutville', 'F_Rogert', 'F_Bross', 'R_Limber_families', 'R_Aquolis', 'R_Cryoborolis', 'R_Cryaquolis', 'R_Borohemists', 'R_Cryaquepts', 'R_Cryaquolls'], 'random_state': 2}",53.98,0.8755787037037037
20/03/2022 15:40:12,"{'model': LGBMClassifier(), 'add_eng_features': True, 'add_climate': True, 'add_geographic': True, 'add_family': True, 'add_rocky': True, 'add_stony': True, 'keep_initial_rows': False, 'columns_to_drop': ['GeoZone_2', 'ClimZone_3', 'GeoZone_5', 'F_Gothic', 'F_Troutville', 'F_Rogert', 'F_Bross', 'R_Limber_families', 'R_Aquolis', 'R_Cryoborolis', 'R_Cryaquolis', 'R_Borohemists', 'R_Cryaquepts', 'R_Cryaquolls'], 'random_state': 2}",9.97,0.9290123456790124
20/03/2022 15:41:06,"{'model': LGBMClassifier(), 'add_eng_features': False, 'add_climate': False, 'add_geographic': False, 'add_family': True, 'add_rocky': True, 'add_stony': True, 'keep_initial_rows': False, 'columns_to_drop': ['ClimZone_3', 'GeoZone_5', 'F_Gothic', 'F_Troutville', 'F_Rogert', 'F_Bross', 'R_Limber_families', 'R_Aquolis', 'R_Cryoborolis', 'R_Cryaquolis', 'R_Borohemists', 'R_Cryaquepts', 'R_Cryaquolls'], 'random_state': 2}",54.69,0.8755787037037037
20/03/2022 15:58:09,"{'model': LGBMClassifier(), 'add_eng_features': False, 'add_climate': False, 'add_geographic': False, 'add_family': True, 'add_rocky': True, 'add_stony': True, 'keep_initial_rows': False, 'columns_to_drop': ['ClimZone_3', 'GeoZone_5', 'F_Gothic', 'F_Troutville', 'F_Rogert', 'F_Bross', 'R_Limber_families', 'R_Aquolis', 'R_Cryoborolis', 'R_Cryaquolis', 'R_Borohemists', 'R_Cryaquepts', 'R_Cryaquolls'], 'random_state': 2}",57.53,0.9894179894179894
20/03/2022 16:11:02,"{'model': LGBMClassifier(), 'add_eng_features': False, 'add_climate': False, 'add_geographic': False, 'add_family': True, 'add_rocky': True, 'add_stony': True, 'keep_initial_rows': False, 'columns_to_drop': ['ClimZone_3', 'GeoZone_5', 'F_Gothic', 'F_Troutville', 'F_Rogert', 'F_Bross', 'R_Limber_families', 'R_Aquolis', 'R_Cryoborolis', 'R_Cryaquolis', 'R_Borohemists', 'R_Cryaquepts', 'R_Cryaquolls'], 'random_state': 2}",53.67,0.8755787037037037
22/03/2022 17:07:48,"{'model': LGBMClassifier(), 'add_eng_features': True, 'add_climate': True, 'add_geographic': True, 'add_family': True, 'add_rocky': True, 'add_stony': True, 'keep_initial_rows': False, 'columns_to_drop': ['ClimZone_3', 'GeoZone_5', 'F_Gothic', 'F_Troutville', 'F_Rogert', 'F_Bross', 'R_Limber_families', 'R_Aquolis', 'R_Cryoborolis', 'R_Cryaquolis', 'R_Borohemists', 'R_Cryaquepts', 'R_Cryaquolls'], 'random_state': 2}",81.09,0.8991402116402116
22/03/2022 17:10:05,"{'model': LGBMClassifier(), 'add_eng_features': True, 'add_climate': True, 'add_geographic': True, 'add_family': True, 'add_rocky': True, 'add_stony': True, 'keep_initial_rows': False, 'columns_to_drop': ['ClimZone_3', 'GeoZone_5', 'F_Gothic', 'F_Troutville', 'F_Rogert', 'F_Bross', 'R_Limber_families', 'R_Aquolis', 'R_Cryoborolis', 'R_Cryaquolis', 'R_Borohemists', 'R_Cryaquepts', 'R_Cryaquolls'], 'random_state': 2}",58.6,0.8991402116402116
22/03/2022 17:11:50,"{'model': LGBMClassifier(), 'add_eng_features': True, 'add_climate': True, 'add_geographic': True, 'add_family': True, 'add_rocky': True, 'add_stony': True, 'keep_initial_rows': False, 'columns_to_drop': ['ClimZone_3', 'GeoZone_5', 'F_Gothic', 'F_Troutville', 'F_Rogert', 'F_Bross', 'R_Limber_families', 'R_Aquolis', 'R_Cryoborolis', 'R_Cryaquolis', 'R_Borohemists', 'R_Cryaquepts', 'R_Cryaquolls'], 'random_state': 2}",81.08,0.8991402116402116
22/03/2022 17:14:18,"{'model': LGBMClassifier(), 'add_eng_features': True, 'add_climate': True, 'add_geographic': True, 'add_family': True, 'add_rocky': True, 'add_stony': True, 'keep_initial_rows': False, 'columns_to_drop': ['ClimZone_3', 'GeoZone_5', 'F_Gothic', 'F_Troutville', 'F_Rogert', 'F_Bross', 'R_Limber_families', 'R_Aquolis', 'R_Cryoborolis', 'R_Cryaquolis', 'R_Borohemists', 'R_Cryaquepts', 'R_Cryaquolls'], 'random_state': 2}",79.39,0.8991402116402116
22/03/2022 17:18:18,"{'model': LGBMClassifier(), 'add_eng_features': True, 'add_climate': True, 'add_geographic': True, 'add_family': True, 'add_rocky': True, 'add_stony': True, 'keep_initial_rows': False, 'columns_to_drop': ['ClimZone_3', 'GeoZone_5', 'F_Gothic', 'F_Troutville', 'F_Rogert', 'F_Bross', 'R_Limber_families', 'R_Aquolis', 'R_Cryoborolis', 'R_Cryaquolis', 'R_Borohemists', 'R_Cryaquepts', 'R_Cryaquolls'], 'random_state': 2}",79.15,0.888558201058201
22/03/2022 17:31:32,"{'model': LGBMClassifier(), 'add_eng_features': True, 'add_climate': True, 'add_geographic': True, 'add_family': True, 'add_rocky': True, 'add_stony': True, 'keep_initial_rows': False, 'columns_to_drop': ['ClimZone_3', 'GeoZone_5', 'F_Gothic', 'F_Troutville', 'F_Rogert', 'F_Bross', 'R_Limber_families', 'R_Aquolis', 'R_Cryoborolis', 'R_Cryaquolis', 'R_Borohemists', 'R_Cryaquepts', 'R_Cryaquolls'], 'random_state': 2}",76.41,0.888558201058201
22/03/2022 17:58:12,"{'model': LGBMClassifier(), 'add_eng_features': True, 'add_climate': True, 'add_geographic': True, 'add_family': True, 'add_rocky': True, 'add_stony': True, 'keep_initial_rows': False, 'columns_to_drop': ['ClimZone_3', 'GeoZone_5', 'F_Gothic', 'F_Troutville', 'F_Rogert', 'F_Bross', 'R_Limber_families', 'R_Aquolis', 'R_Cryoborolis', 'R_Cryaquolis', 'R_Borohemists', 'R_Cryaquepts', 'R_Cryaquolls'], 'decomposition': MCA(n_components=10, n_iter=3, random_state=42), 'columns_to_decomp': ['Wilderness_Area1', 'Wilderness_Area2', 'Wilderness_Area3', 'Wilderness_Area4', 'ClimZone_2', 'ClimZone_4', 'ClimZone_5', 'ClimZone_6', 'ClimZone_7', 'ClimZone_8', 'GeoZone_1', 'GeoZone_2', 'GeoZone_7', 'F_Cathedral', 'F_Ratake', 'F_Vanet', 'F_Legault', 'F_Catamount', 'F_Bullwark', 'F_Gateview', 'F_Leighcan', 'F_Como', 'F_Moran', 'R_Rock_outcrop', 'R_Ratake_families', 'R_Rock_land', 'R_till_substratum', 'R_Cryumbrepts', 'R_Cryorthents', 'Rock', 'S_rubbly', 'S_stony', 'S_very stony', 'S_extremely stony'], 'random_state': 2}",81.41,0.888558201058201
22/03/2022 18:26:13,"{'model': LGBMClassifier(), 'add_eng_features': True, 'add_climate': True, 'add_geographic': True, 'add_family': True, 'add_rocky': True, 'add_stony': True, 'keep_initial_rows': False, 'columns_to_drop': ['ClimZone_3', 'GeoZone_5', 'F_Gothic', 'F_Troutville', 'F_Rogert', 'F_Bross', 'R_Limber_families', 'R_Aquolis', 'R_Cryoborolis', 'R_Cryaquolis', 'R_Borohemists', 'R_Cryaquepts', 'R_Cryaquolls'], 'decomposition': MCA(n_components=5, n_iter=3, random_state=42), 'columns_to_decomp': ['Wilderness_Area1', 'Wilderness_Area2', 'Wilderness_Area3', 'Wilderness_Area4', 'ClimZone_2', 'ClimZone_4', 'ClimZone_5', 'ClimZone_6', 'ClimZone_7', 'ClimZone_8', 'GeoZone_1', 'GeoZone_2', 'GeoZone_7', 'F_Cathedral', 'F_Ratake', 'F_Vanet', 'F_Legault', 'F_Catamount', 'F_Bullwark', 'F_Gateview', 'F_Leighcan', 'F_Como', 'F_Moran', 'R_Rock_outcrop', 'R_Ratake_families', 'R_Rock_land', 'R_till_substratum', 'R_Cryumbrepts', 'R_Cryorthents', 'Rock', 'S_rubbly', 'S_stony', 'S_very stony', 'S_extremely stony'], 'random_state': 2}",78.21,0.8931878306878307
22/03/2022 18:32:50,"{'model': LGBMClassifier(), 'add_eng_features': True, 'add_climate': True, 'add_geographic': True, 'add_family': True, 'add_rocky': True, 'add_stony': True, 'keep_initial_rows': False, 'columns_to_drop': ['ClimZone_3', 'GeoZone_5', 'F_Gothic', 'F_Troutville', 'F_Rogert', 'F_Bross', 'R_Limber_families', 'R_Aquolis', 'R_Cryoborolis', 'R_Cryaquolis', 'R_Borohemists', 'R_Cryaquepts', 'R_Cryaquolls', 'Vertical_Distance_To_Hydrology'], 'decomposition': MCA(n_components=5, n_iter=3, random_state=42), 'columns_to_decomp': ['Wilderness_Area1', 'Wilderness_Area2', 'Wilderness_Area3', 'Wilderness_Area4', 'ClimZone_2', 'ClimZone_4', 'ClimZone_5', 'ClimZone_6', 'ClimZone_7', 'ClimZone_8', 'GeoZone_1', 'GeoZone_2', 'GeoZone_7', 'F_Cathedral', 'F_Ratake', 'F_Vanet', 'F_Legault', 'F_Catamount', 'F_Bullwark', 'F_Gateview', 'F_Leighcan', 'F_Como', 'F_Moran', 'R_Rock_outcrop', 'R_Ratake_families', 'R_Rock_land', 'R_till_substratum', 'R_Cryumbrepts', 'R_Cryorthents', 'Rock', 'S_rubbly', 'S_stony', 'S_very stony', 'S_extremely stony'], 'random_state': 2}",75.94,0.8951719576719577
22/03/2022 18:34:06,"{'model': LGBMClassifier(), 'add_eng_features': True, 'add_climate': True, 'add_geographic': True, 'add_family': True, 'add_rocky': True, 'add_stony': True, 'keep_initial_rows': False, 'columns_to_drop': ['ClimZone_3', 'GeoZone_5', 'F_Gothic', 'F_Troutville', 'F_Rogert', 'F_Bross', 'R_Limber_families', 'R_Aquolis', 'R_Cryoborolis', 'R_Cryaquolis', 'R_Borohemists', 'R_Cryaquepts', 'R_Cryaquolls', 'Vertical_Distance_To_Hydrology'], 'decomposition': MCA(n_components=5, n_iter=3, random_state=42), 'columns_to_decomp': ['S_stony', 'Soil_Type39', 'R_Cryumbrepts', 'F_Moran', 'F_Como', 'Rock', 'ClimZone_2', 'Wilderness_Area3', 'F_Cathedral', 'Soil_Type8', 'Hillshade_Noon', 'Soil_Type16', 'Hillshade_3pm', 'F_Catamount', 'Soil_Type32', 'Aspect', 'Soil_Type24', 'F_Ratake', 'Soil_Type6', 'Soil_Type12', 'R_Cryorthents', 'R_Rock_outcrop', 'Hillshade_9am', 'Soil_Type4', 'Soil_Type14', 'Soil_Type40', 'F_Vanet', 'ClimZone_8', 'Soil_Type5', 'Soil_Type2', 'Soil_Type22', 'Soil_Type3', 'Soil_Type27', 'Wilderness_Area1', 'Soil_Type30', 'Soil_Type36', 'F_Bullwark', 'R_till_substratum', 'Soil_Type38', 'Soil_Type21', 'R_Ratake_families', 'S_extremely stony', 'Soil_Type35', 'F_Leighcan', 'R_Rock_land', 'Soil_Type33', 'Slope', 'Soil_Type1', 'Horizontal_Distance_To_Fire_Points', 'Soil_Type9', 'GeoZone_7', 'Cover_Type', 'Soil_Type23', 'Soil_Type11', 'ClimZone_6', 'Wilderness_Area4', 'Soil_Type37', 'Wilderness_Area2', 'ClimZone_5', 'Elevation', 'Soil_Type15', 'Soil_Type10', 'F_Gateview', 'S_rubbly', 'Soil_Type25', 'Soil_Type29', 'Soil_Type26', 'Soil_Type20', 'Soil_Type28', 'Soil_Type19', 'ClimZone_7', 'F_Legault', 'Soil_Type13', 'GeoZone_1', 'GeoZone_2', 'Soil_Type34', 'Horizontal_Distance_To_Roadways', 'Soil_Type31', 'S_very stony', 'Vertical_Distance_To_Hydrology', 'Horizontal_Distance_To_Hydrology', 'ClimZone_4', 'Soil_Type7', 'Soil_Type18', 'Soil_Type17'], 'random_state': 2}",76.6,0.8773148148148148
22/03/2022 18:35:25,"{'model': LGBMClassifier(), 'add_eng_features': True, 'add_climate': True, 'add_geographic': True, 'add_family': True, 'add_rocky': True, 'add_stony': True, 'keep_initial_rows': False, 'columns_to_drop': ['ClimZone_3', 'GeoZone_5', 'F_Gothic', 'F_Troutville', 'F_Rogert', 'F_Bross', 'R_Limber_families', 'R_Aquolis', 'R_Cryoborolis', 'R_Cryaquolis', 'R_Borohemists', 'R_Cryaquepts', 'R_Cryaquolls', 'Vertical_Distance_To_Hydrology'], 'decomposition': MCA(n_components=5, n_iter=3, random_state=42), 'columns_to_decomp': ['Id', 'S_stony', 'Soil_Type39', 'R_Cryumbrepts', 'F_Moran', 'F_Como', 'Rock', 'ClimZone_2', 'Wilderness_Area3', 'F_Cathedral', 'Soil_Type8', 'Hillshade_Noon', 'Soil_Type16', 'Hillshade_3pm', 'F_Catamount', 'Soil_Type32', 'Aspect', 'Soil_Type24', 'F_Ratake', 'Soil_Type6', 'Soil_Type12', 'R_Cryorthents', 'R_Rock_outcrop', 'Hillshade_9am', 'Soil_Type4', 'Soil_Type14', 'Soil_Type40', 'F_Vanet', 'ClimZone_8', 'Soil_Type5', 'Soil_Type2', 'Soil_Type22', 'Soil_Type3', 'Soil_Type27', 'Wilderness_Area1', 'Soil_Type30', 'Soil_Type36', 'F_Bullwark', 'R_till_substratum', 'Soil_Type38', 'Soil_Type21', 'R_Ratake_families', 'S_extremely stony', 'Soil_Type35', 'F_Leighcan', 'R_Rock_land', 'Soil_Type33', 'Slope', 'Soil_Type1', 'Horizontal_Distance_To_Fire_Points', 'Soil_Type9', 'GeoZone_7', 'Cover_Type', 'Soil_Type23', 'Soil_Type11', 'ClimZone_6', 'Wilderness_Area4', 'Soil_Type37', 'Wilderness_Area2', 'ClimZone_5', 'Elevation', 'Soil_Type15', 'Soil_Type10', 'F_Gateview', 'S_rubbly', 'Soil_Type25', 'Soil_Type29', 'Soil_Type26', 'Soil_Type20', 'Soil_Type28', 'Soil_Type19', 'ClimZone_7', 'F_Legault', 'Soil_Type13', 'GeoZone_1', 'GeoZone_2', 'Soil_Type34', 'Horizontal_Distance_To_Roadways', 'Soil_Type31', 'S_very stony', 'Vertical_Distance_To_Hydrology', 'Horizontal_Distance_To_Hydrology', 'ClimZone_4', 'Soil_Type7', 'Soil_Type18', 'Soil_Type17'], 'random_state': 2}",78.4,0.781415343915344
22/03/2022 18:36:37,"{'model': LGBMClassifier(), 'add_eng_features': True, 'add_climate': True, 'add_geographic': True, 'add_family': True, 'add_rocky': True, 'add_stony': True, 'keep_initial_rows': False, 'columns_to_drop': ['ClimZone_3', 'GeoZone_5', 'F_Gothic', 'F_Troutville', 'F_Rogert', 'F_Bross', 'R_Limber_families', 'R_Aquolis', 'R_Cryoborolis', 'R_Cryaquolis', 'R_Borohemists', 'R_Cryaquepts', 'R_Cryaquolls', 'Vertical_Distance_To_Hydrology'], 'decomposition': MCA(n_components=8, n_iter=3, random_state=42), 'columns_to_decomp': ['Wilderness_Area1', 'Wilderness_Area2', 'Wilderness_Area3', 'Wilderness_Area4', 'ClimZone_2', 'ClimZone_4', 'ClimZone_5', 'ClimZone_6', 'ClimZone_7', 'ClimZone_8', 'GeoZone_1', 'GeoZone_2', 'GeoZone_7', 'F_Cathedral', 'F_Ratake', 'F_Vanet', 'F_Legault', 'F_Catamount', 'F_Bullwark', 'F_Gateview', 'F_Leighcan', 'F_Como', 'F_Moran', 'R_Rock_outcrop', 'R_Ratake_families', 'R_Rock_land', 'R_till_substratum', 'R_Cryumbrepts', 'R_Cryorthents', 'Rock', 'S_rubbly', 'S_stony', 'S_very stony', 'S_extremely stony'], 'random_state': 2}",72.01,0.8888888888888888
22/03/2022 18:37:56,"{'model': LGBMClassifier(), 'add_eng_features': True, 'add_climate': True, 'add_geographic': True, 'add_family': True, 'add_rocky': True, 'add_stony': True, 'keep_initial_rows': False, 'columns_to_drop': ['ClimZone_3', 'GeoZone_5', 'F_Gothic', 'F_Troutville', 'F_Rogert', 'F_Bross', 'R_Limber_families', 'R_Aquolis', 'R_Cryoborolis', 'R_Cryaquolis', 'R_Borohemists', 'R_Cryaquepts', 'R_Cryaquolls', 'Vertical_Distance_To_Hydrology'], 'decomposition': MCA(n_components=8, n_iter=3, random_state=42), 'columns_to_decomp': ['S_stony', 'Soil_Type39', 'R_Cryumbrepts', 'F_Moran', 'F_Como', 'Rock', 'ClimZone_2', 'Wilderness_Area3', 'F_Cathedral', 'Soil_Type8', 'Hillshade_Noon', 'Soil_Type16', 'Hillshade_3pm', 'F_Catamount', 'Soil_Type32', 'Aspect', 'Soil_Type24', 'F_Ratake', 'Soil_Type6', 'Soil_Type12', 'R_Cryorthents', 'R_Rock_outcrop', 'Hillshade_9am', 'Soil_Type4', 'Soil_Type14', 'Soil_Type40', 'F_Vanet', 'ClimZone_8', 'Soil_Type5', 'Soil_Type2', 'Soil_Type22', 'Soil_Type3', 'Soil_Type27', 'Wilderness_Area1', 'Soil_Type30', 'Soil_Type36', 'F_Bullwark', 'R_till_substratum', 'Soil_Type38', 'Soil_Type21', 'R_Ratake_families', 'S_extremely stony', 'Soil_Type35', 'F_Leighcan', 'R_Rock_land', 'Soil_Type33', 'Slope', 'Soil_Type1', 'Horizontal_Distance_To_Fire_Points', 'Soil_Type9', 'GeoZone_7', 'Cover_Type', 'Soil_Type23', 'Soil_Type11', 'ClimZone_6', 'Wilderness_Area4', 'Soil_Type37', 'Wilderness_Area2', 'ClimZone_5', 'Elevation', 'Soil_Type15', 'Soil_Type10', 'F_Gateview', 'S_rubbly', 'Soil_Type25', 'Soil_Type29', 'Soil_Type26', 'Soil_Type20', 'Soil_Type28', 'Soil_Type19', 'ClimZone_7', 'F_Legault', 'Soil_Type13', 'GeoZone_1', 'GeoZone_2', 'Soil_Type34', 'Horizontal_Distance_To_Roadways', 'Soil_Type31', 'S_very stony', 'Vertical_Distance_To_Hydrology', 'Horizontal_Distance_To_Hydrology', 'ClimZone_4', 'Soil_Type7', 'Soil_Type18', 'Soil_Type17'], 'random_state': 2}",79.58,0.8845899470899471
22/03/2022 18:39:14,"{'model': LGBMClassifier(), 'add_eng_features': True, 'add_climate': True, 'add_geographic': True, 'add_family': True, 'add_rocky': True, 'add_stony': True, 'keep_initial_rows': False, 'columns_to_drop': ['ClimZone_3', 'GeoZone_5', 'F_Gothic', 'F_Troutville', 'F_Rogert', 'F_Bross', 'R_Limber_families', 'R_Aquolis', 'R_Cryoborolis', 'R_Cryaquolis', 'R_Borohemists', 'R_Cryaquepts', 'R_Cryaquolls', 'Vertical_Distance_To_Hydrology'], 'decomposition': MCA(n_components=8, n_iter=3, random_state=42), 'columns_to_decomp': ['Id', 'S_stony', 'Soil_Type39', 'R_Cryumbrepts', 'F_Moran', 'F_Como', 'Rock', 'ClimZone_2', 'Wilderness_Area3', 'F_Cathedral', 'Soil_Type8', 'Hillshade_Noon', 'Soil_Type16', 'Hillshade_3pm', 'F_Catamount', 'Soil_Type32', 'Aspect', 'Soil_Type24', 'F_Ratake', 'Soil_Type6', 'Soil_Type12', 'R_Cryorthents', 'R_Rock_outcrop', 'Hillshade_9am', 'Soil_Type4', 'Soil_Type14', 'Soil_Type40', 'F_Vanet', 'ClimZone_8', 'Soil_Type5', 'Soil_Type2', 'Soil_Type22', 'Soil_Type3', 'Soil_Type27', 'Wilderness_Area1', 'Soil_Type30', 'Soil_Type36', 'F_Bullwark', 'R_till_substratum', 'Soil_Type38', 'Soil_Type21', 'R_Ratake_families', 'S_extremely stony', 'Soil_Type35', 'F_Leighcan', 'R_Rock_land', 'Soil_Type33', 'Slope', 'Soil_Type1', 'Horizontal_Distance_To_Fire_Points', 'Soil_Type9', 'GeoZone_7', 'Cover_Type', 'Soil_Type23', 'Soil_Type11', 'ClimZone_6', 'Wilderness_Area4', 'Soil_Type37', 'Wilderness_Area2', 'ClimZone_5', 'Elevation', 'Soil_Type15', 'Soil_Type10', 'F_Gateview', 'S_rubbly', 'Soil_Type25', 'Soil_Type29', 'Soil_Type26', 'Soil_Type20', 'Soil_Type28', 'Soil_Type19', 'ClimZone_7', 'F_Legault', 'Soil_Type13', 'GeoZone_1', 'GeoZone_2', 'Soil_Type34', 'Horizontal_Distance_To_Roadways', 'Soil_Type31', 'S_very stony', 'Vertical_Distance_To_Hydrology', 'Horizontal_Distance_To_Hydrology', 'ClimZone_4', 'Soil_Type7', 'Soil_Type18', 'Soil_Type17'], 'random_state': 2}",77.77,0.8005952380952381
22/03/2022 18:40:27,"{'model': LGBMClassifier(), 'add_eng_features': True, 'add_climate': True, 'add_geographic': True, 'add_family': True, 'add_rocky': True, 'add_stony': True, 'keep_initial_rows': False, 'columns_to_drop': ['ClimZone_3', 'GeoZone_5', 'F_Gothic', 'F_Troutville', 'F_Rogert', 'F_Bross', 'R_Limber_families', 'R_Aquolis', 'R_Cryoborolis', 'R_Cryaquolis', 'R_Borohemists', 'R_Cryaquepts', 'R_Cryaquolls', 'Vertical_Distance_To_Hydrology'], 'decomposition': MCA(n_components=12, n_iter=3, random_state=42), 'columns_to_decomp': ['Wilderness_Area1', 'Wilderness_Area2', 'Wilderness_Area3', 'Wilderness_Area4', 'ClimZone_2', 'ClimZone_4', 'ClimZone_5', 'ClimZone_6', 'ClimZone_7', 'ClimZone_8', 'GeoZone_1', 'GeoZone_2', 'GeoZone_7', 'F_Cathedral', 'F_Ratake', 'F_Vanet', 'F_Legault', 'F_Catamount', 'F_Bullwark', 'F_Gateview', 'F_Leighcan', 'F_Como', 'F_Moran', 'R_Rock_outcrop', 'R_Ratake_families', 'R_Rock_land', 'R_till_substratum', 'R_Cryumbrepts', 'R_Cryorthents', 'Rock', 'S_rubbly', 'S_stony', 'S_very stony', 'S_extremely stony'], 'random_state': 2}",72.82,0.8898809523809523
22/03/2022 18:41:44,"{'model': LGBMClassifier(), 'add_eng_features': True, 'add_climate': True, 'add_geographic': True, 'add_family': True, 'add_rocky': True, 'add_stony': True, 'keep_initial_rows': False, 'columns_to_drop': ['ClimZone_3', 'GeoZone_5', 'F_Gothic', 'F_Troutville', 'F_Rogert', 'F_Bross', 'R_Limber_families', 'R_Aquolis', 'R_Cryoborolis', 'R_Cryaquolis', 'R_Borohemists', 'R_Cryaquepts', 'R_Cryaquolls', 'Vertical_Distance_To_Hydrology'], 'decomposition': MCA(n_components=12, n_iter=3, random_state=42), 'columns_to_decomp': ['S_stony', 'Soil_Type39', 'R_Cryumbrepts', 'F_Moran', 'F_Como', 'Rock', 'ClimZone_2', 'Wilderness_Area3', 'F_Cathedral', 'Soil_Type8', 'Hillshade_Noon', 'Soil_Type16', 'Hillshade_3pm', 'F_Catamount', 'Soil_Type32', 'Aspect', 'Soil_Type24', 'F_Ratake', 'Soil_Type6', 'Soil_Type12', 'R_Cryorthents', 'R_Rock_outcrop', 'Hillshade_9am', 'Soil_Type4', 'Soil_Type14', 'Soil_Type40', 'F_Vanet', 'ClimZone_8', 'Soil_Type5', 'Soil_Type2', 'Soil_Type22', 'Soil_Type3', 'Soil_Type27', 'Wilderness_Area1', 'Soil_Type30', 'Soil_Type36', 'F_Bullwark', 'R_till_substratum', 'Soil_Type38', 'Soil_Type21', 'R_Ratake_families', 'S_extremely stony', 'Soil_Type35', 'F_Leighcan', 'R_Rock_land', 'Soil_Type33', 'Slope', 'Soil_Type1', 'Horizontal_Distance_To_Fire_Points', 'Soil_Type9', 'GeoZone_7', 'Cover_Type', 'Soil_Type23', 'Soil_Type11', 'ClimZone_6', 'Wilderness_Area4', 'Soil_Type37', 'Wilderness_Area2', 'ClimZone_5', 'Elevation', 'Soil_Type15', 'Soil_Type10', 'F_Gateview', 'S_rubbly', 'Soil_Type25', 'Soil_Type29', 'Soil_Type26', 'Soil_Type20', 'Soil_Type28', 'Soil_Type19', 'ClimZone_7', 'F_Legault', 'Soil_Type13', 'GeoZone_1', 'GeoZone_2', 'Soil_Type34', 'Horizontal_Distance_To_Roadways', 'Soil_Type31', 'S_very stony', 'Vertical_Distance_To_Hydrology', 'Horizontal_Distance_To_Hydrology', 'ClimZone_4', 'Soil_Type7', 'Soil_Type18', 'Soil_Type17'], 'random_state': 2}",77.36,0.8783068783068783
22/03/2022 18:45:12,"{'model': LGBMClassifier(), 'add_eng_features': True, 'add_climate': True, 'add_geographic': True, 'add_family': True, 'add_rocky': True, 'add_stony': True, 'keep_initial_rows': False, 'columns_to_drop': ['ClimZone_3', 'GeoZone_5', 'F_Gothic', 'F_Troutville', 'F_Rogert', 'F_Bross', 'R_Limber_families', 'R_Aquolis', 'R_Cryoborolis', 'R_Cryaquolis', 'R_Borohemists', 'R_Cryaquepts', 'R_Cryaquolls', 'Vertical_Distance_To_Hydrology'], 'decomposition': MCA(n_components=12, n_iter=3, random_state=42), 'columns_to_decomp': ['Id', 'S_stony', 'Soil_Type39', 'R_Cryumbrepts', 'F_Moran', 'F_Como', 'Rock', 'ClimZone_2', 'Wilderness_Area3', 'F_Cathedral', 'Soil_Type8', 'Hillshade_Noon', 'Soil_Type16', 'Hillshade_3pm', 'F_Catamount', 'Soil_Type32', 'Aspect', 'Soil_Type24', 'F_Ratake', 'Soil_Type6', 'Soil_Type12', 'R_Cryorthents', 'R_Rock_outcrop', 'Hillshade_9am', 'Soil_Type4', 'Soil_Type14', 'Soil_Type40', 'F_Vanet', 'ClimZone_8', 'Soil_Type5', 'Soil_Type2', 'Soil_Type22', 'Soil_Type3', 'Soil_Type27', 'Wilderness_Area1', 'Soil_Type30', 'Soil_Type36', 'F_Bullwark', 'R_till_substratum', 'Soil_Type38', 'Soil_Type21', 'R_Ratake_families', 'S_extremely stony', 'Soil_Type35', 'F_Leighcan', 'R_Rock_land', 'Soil_Type33', 'Slope', 'Soil_Type1', 'Horizontal_Distance_To_Fire_Points', 'Soil_Type9', 'GeoZone_7', 'Cover_Type', 'Soil_Type23', 'Soil_Type11', 'ClimZone_6', 'Wilderness_Area4', 'Soil_Type37', 'Wilderness_Area2', 'ClimZone_5', 'Elevation', 'Soil_Type15', 'Soil_Type10', 'F_Gateview', 'S_rubbly', 'Soil_Type25', 'Soil_Type29', 'Soil_Type26', 'Soil_Type20', 'Soil_Type28', 'Soil_Type19', 'ClimZone_7', 'F_Legault', 'Soil_Type13', 'GeoZone_1', 'GeoZone_2', 'Soil_Type34', 'Horizontal_Distance_To_Roadways', 'Soil_Type31', 'S_very stony', 'Vertical_Distance_To_Hydrology', 'Horizontal_Distance_To_Hydrology', 'ClimZone_4', 'Soil_Type7', 'Soil_Type18', 'Soil_Type17'], 'random_state': 2}",207.93,0.7228835978835979
22/03/2022 18:46:32,"{'model': LGBMClassifier(), 'add_eng_features': True, 'add_climate': True, 'add_geographic': True, 'add_family': True, 'add_rocky': True, 'add_stony': True, 'keep_initial_rows': False, 'columns_to_drop': ['ClimZone_3', 'GeoZone_5', 'F_Gothic', 'F_Troutville', 'F_Rogert', 'F_Bross', 'R_Limber_families', 'R_Aquolis', 'R_Cryoborolis', 'R_Cryaquolis', 'R_Borohemists', 'R_Cryaquepts', 'R_Cryaquolls', 'Vertical_Distance_To_Hydrology'], 'decomposition': MCA(n_components=15, n_iter=3, random_state=42), 'columns_to_decomp': ['Wilderness_Area1', 'Wilderness_Area2', 'Wilderness_Area3', 'Wilderness_Area4', 'ClimZone_2', 'ClimZone_4', 'ClimZone_5', 'ClimZone_6', 'ClimZone_7', 'ClimZone_8', 'GeoZone_1', 'GeoZone_2', 'GeoZone_7', 'F_Cathedral', 'F_Ratake', 'F_Vanet', 'F_Legault', 'F_Catamount', 'F_Bullwark', 'F_Gateview', 'F_Leighcan', 'F_Como', 'F_Moran', 'R_Rock_outcrop', 'R_Ratake_families', 'R_Rock_land', 'R_till_substratum', 'R_Cryumbrepts', 'R_Cryorthents', 'Rock', 'S_rubbly', 'S_stony', 'S_very stony', 'S_extremely stony'], 'random_state': 2}",79.87,0.8839285714285714
22/03/2022 18:47:53,"{'model': LGBMClassifier(), 'add_eng_features': True, 'add_climate': True, 'add_geographic': True, 'add_family': True, 'add_rocky': True, 'add_stony': True, 'keep_initial_rows': False, 'columns_to_drop': ['ClimZone_3', 'GeoZone_5', 'F_Gothic', 'F_Troutville', 'F_Rogert', 'F_Bross', 'R_Limber_families', 'R_Aquolis', 'R_Cryoborolis', 'R_Cryaquolis', 'R_Borohemists', 'R_Cryaquepts', 'R_Cryaquolls', 'Vertical_Distance_To_Hydrology'], 'decomposition': MCA(n_components=15, n_iter=3, random_state=42), 'columns_to_decomp': ['S_stony', 'Soil_Type39', 'R_Cryumbrepts', 'F_Moran', 'F_Como', 'Rock', 'ClimZone_2', 'Wilderness_Area3', 'F_Cathedral', 'Soil_Type8', 'Hillshade_Noon', 'Soil_Type16', 'Hillshade_3pm', 'F_Catamount', 'Soil_Type32', 'Aspect', 'Soil_Type24', 'F_Ratake', 'Soil_Type6', 'Soil_Type12', 'R_Cryorthents', 'R_Rock_outcrop', 'Hillshade_9am', 'Soil_Type4', 'Soil_Type14', 'Soil_Type40', 'F_Vanet', 'ClimZone_8', 'Soil_Type5', 'Soil_Type2', 'Soil_Type22', 'Soil_Type3', 'Soil_Type27', 'Wilderness_Area1', 'Soil_Type30', 'Soil_Type36', 'F_Bullwark', 'R_till_substratum', 'Soil_Type38', 'Soil_Type21', 'R_Ratake_families', 'S_extremely stony', 'Soil_Type35', 'F_Leighcan', 'R_Rock_land', 'Soil_Type33', 'Slope', 'Soil_Type1', 'Horizontal_Distance_To_Fire_Points', 'Soil_Type9', 'GeoZone_7', 'Cover_Type', 'Soil_Type23', 'Soil_Type11', 'ClimZone_6', 'Wilderness_Area4', 'Soil_Type37', 'Wilderness_Area2', 'ClimZone_5', 'Elevation', 'Soil_Type15', 'Soil_Type10', 'F_Gateview', 'S_rubbly', 'Soil_Type25', 'Soil_Type29', 'Soil_Type26', 'Soil_Type20', 'Soil_Type28', 'Soil_Type19', 'ClimZone_7', 'F_Legault', 'Soil_Type13', 'GeoZone_1', 'GeoZone_2', 'Soil_Type34', 'Horizontal_Distance_To_Roadways', 'Soil_Type31', 'S_very stony', 'Vertical_Distance_To_Hydrology', 'Horizontal_Distance_To_Hydrology', 'ClimZone_4', 'Soil_Type7', 'Soil_Type18', 'Soil_Type17'], 'random_state': 2}",81.0,0.8482142857142857
22/03/2022 18:49:19,"{'model': LGBMClassifier(), 'add_eng_features': True, 'add_climate': True, 'add_geographic': True, 'add_family': True, 'add_rocky': True, 'add_stony': True, 'keep_initial_rows': False, 'columns_to_drop': ['ClimZone_3', 'GeoZone_5', 'F_Gothic', 'F_Troutville', 'F_Rogert', 'F_Bross', 'R_Limber_families', 'R_Aquolis', 'R_Cryoborolis', 'R_Cryaquolis', 'R_Borohemists', 'R_Cryaquepts', 'R_Cryaquolls', 'Vertical_Distance_To_Hydrology'], 'decomposition': MCA(n_components=15, n_iter=3, random_state=42), 'columns_to_decomp': ['Id', 'S_stony', 'Soil_Type39', 'R_Cryumbrepts', 'F_Moran', 'F_Como', 'Rock', 'ClimZone_2', 'Wilderness_Area3', 'F_Cathedral', 'Soil_Type8', 'Hillshade_Noon', 'Soil_Type16', 'Hillshade_3pm', 'F_Catamount', 'Soil_Type32', 'Aspect', 'Soil_Type24', 'F_Ratake', 'Soil_Type6', 'Soil_Type12', 'R_Cryorthents', 'R_Rock_outcrop', 'Hillshade_9am', 'Soil_Type4', 'Soil_Type14', 'Soil_Type40', 'F_Vanet', 'ClimZone_8', 'Soil_Type5', 'Soil_Type2', 'Soil_Type22', 'Soil_Type3', 'Soil_Type27', 'Wilderness_Area1', 'Soil_Type30', 'Soil_Type36', 'F_Bullwark', 'R_till_substratum', 'Soil_Type38', 'Soil_Type21', 'R_Ratake_families', 'S_extremely stony', 'Soil_Type35', 'F_Leighcan', 'R_Rock_land', 'Soil_Type33', 'Slope', 'Soil_Type1', 'Horizontal_Distance_To_Fire_Points', 'Soil_Type9', 'GeoZone_7', 'Cover_Type', 'Soil_Type23', 'Soil_Type11', 'ClimZone_6', 'Wilderness_Area4', 'Soil_Type37', 'Wilderness_Area2', 'ClimZone_5', 'Elevation', 'Soil_Type15', 'Soil_Type10', 'F_Gateview', 'S_rubbly', 'Soil_Type25', 'Soil_Type29', 'Soil_Type26', 'Soil_Type20', 'Soil_Type28', 'Soil_Type19', 'ClimZone_7', 'F_Legault', 'Soil_Type13', 'GeoZone_1', 'GeoZone_2', 'Soil_Type34', 'Horizontal_Distance_To_Roadways', 'Soil_Type31', 'S_very stony', 'Vertical_Distance_To_Hydrology', 'Horizontal_Distance_To_Hydrology', 'ClimZone_4', 'Soil_Type7', 'Soil_Type18', 'Soil_Type17'], 'random_state': 2}",85.58,0.6650132275132276
22/03/2022 18:50:45,"{'model': LGBMClassifier(), 'add_eng_features': True, 'add_climate': True, 'add_geographic': True, 'add_family': True, 'add_rocky': True, 'add_stony': True, 'keep_initial_rows': False, 'columns_to_drop': ['ClimZone_3', 'GeoZone_5', 'F_Gothic', 'F_Troutville', 'F_Rogert', 'F_Bross', 'R_Limber_families', 'R_Aquolis', 'R_Cryoborolis', 'R_Cryaquolis', 'R_Borohemists', 'R_Cryaquepts', 'R_Cryaquolls', 'Vertical_Distance_To_Hydrology'], 'decomposition': MCA(n_components=20, n_iter=3, random_state=42), 'columns_to_decomp': ['Wilderness_Area1', 'Wilderness_Area2', 'Wilderness_Area3', 'Wilderness_Area4', 'ClimZone_2', 'ClimZone_4', 'ClimZone_5', 'ClimZone_6', 'ClimZone_7', 'ClimZone_8', 'GeoZone_1', 'GeoZone_2', 'GeoZone_7', 'F_Cathedral', 'F_Ratake', 'F_Vanet', 'F_Legault', 'F_Catamount', 'F_Bullwark', 'F_Gateview', 'F_Leighcan', 'F_Como', 'F_Moran', 'R_Rock_outcrop', 'R_Ratake_families', 'R_Rock_land', 'R_till_substratum', 'R_Cryumbrepts', 'R_Cryorthents', 'Rock', 'S_rubbly', 'S_stony', 'S_very stony', 'S_extremely stony'], 'random_state': 2}",85.68,0.8796296296296297
22/03/2022 18:52:12,"{'model': LGBMClassifier(), 'add_eng_features': True, 'add_climate': True, 'add_geographic': True, 'add_family': True, 'add_rocky': True, 'add_stony': True, 'keep_initial_rows': False, 'columns_to_drop': ['ClimZone_3', 'GeoZone_5', 'F_Gothic', 'F_Troutville', 'F_Rogert', 'F_Bross', 'R_Limber_families', 'R_Aquolis', 'R_Cryoborolis', 'R_Cryaquolis', 'R_Borohemists', 'R_Cryaquepts', 'R_Cryaquolls', 'Vertical_Distance_To_Hydrology'], 'decomposition': MCA(n_components=20, n_iter=3, random_state=42), 'columns_to_decomp': ['S_stony', 'Soil_Type39', 'R_Cryumbrepts', 'F_Moran', 'F_Como', 'Rock', 'ClimZone_2', 'Wilderness_Area3', 'F_Cathedral', 'Soil_Type8', 'Hillshade_Noon', 'Soil_Type16', 'Hillshade_3pm', 'F_Catamount', 'Soil_Type32', 'Aspect', 'Soil_Type24', 'F_Ratake', 'Soil_Type6', 'Soil_Type12', 'R_Cryorthents', 'R_Rock_outcrop', 'Hillshade_9am', 'Soil_Type4', 'Soil_Type14', 'Soil_Type40', 'F_Vanet', 'ClimZone_8', 'Soil_Type5', 'Soil_Type2', 'Soil_Type22', 'Soil_Type3', 'Soil_Type27', 'Wilderness_Area1', 'Soil_Type30', 'Soil_Type36', 'F_Bullwark', 'R_till_substratum', 'Soil_Type38', 'Soil_Type21', 'R_Ratake_families', 'S_extremely stony', 'Soil_Type35', 'F_Leighcan', 'R_Rock_land', 'Soil_Type33', 'Slope', 'Soil_Type1', 'Horizontal_Distance_To_Fire_Points', 'Soil_Type9', 'GeoZone_7', 'Cover_Type', 'Soil_Type23', 'Soil_Type11', 'ClimZone_6', 'Wilderness_Area4', 'Soil_Type37', 'Wilderness_Area2', 'ClimZone_5', 'Elevation', 'Soil_Type15', 'Soil_Type10', 'F_Gateview', 'S_rubbly', 'Soil_Type25', 'Soil_Type29', 'Soil_Type26', 'Soil_Type20', 'Soil_Type28', 'Soil_Type19', 'ClimZone_7', 'F_Legault', 'Soil_Type13', 'GeoZone_1', 'GeoZone_2', 'Soil_Type34', 'Horizontal_Distance_To_Roadways', 'Soil_Type31', 'S_very stony', 'Vertical_Distance_To_Hydrology', 'Horizontal_Distance_To_Hydrology', 'ClimZone_4', 'Soil_Type7', 'Soil_Type18', 'Soil_Type17'], 'random_state': 2}",87.09,0.8287037037037037
22/03/2022 18:53:40,"{'model': LGBMClassifier(), 'add_eng_features': True, 'add_climate': True, 'add_geographic': True, 'add_family': True, 'add_rocky': True, 'add_stony': True, 'keep_initial_rows': False, 'columns_to_drop': ['ClimZone_3', 'GeoZone_5', 'F_Gothic', 'F_Troutville', 'F_Rogert', 'F_Bross', 'R_Limber_families', 'R_Aquolis', 'R_Cryoborolis', 'R_Cryaquolis', 'R_Borohemists', 'R_Cryaquepts', 'R_Cryaquolls', 'Vertical_Distance_To_Hydrology'], 'decomposition': MCA(n_components=20, n_iter=3, random_state=42), 'columns_to_decomp': ['Id', 'S_stony', 'Soil_Type39', 'R_Cryumbrepts', 'F_Moran', 'F_Como', 'Rock', 'ClimZone_2', 'Wilderness_Area3', 'F_Cathedral', 'Soil_Type8', 'Hillshade_Noon', 'Soil_Type16', 'Hillshade_3pm', 'F_Catamount', 'Soil_Type32', 'Aspect', 'Soil_Type24', 'F_Ratake', 'Soil_Type6', 'Soil_Type12', 'R_Cryorthents', 'R_Rock_outcrop', 'Hillshade_9am', 'Soil_Type4', 'Soil_Type14', 'Soil_Type40', 'F_Vanet', 'ClimZone_8', 'Soil_Type5', 'Soil_Type2', 'Soil_Type22', 'Soil_Type3', 'Soil_Type27', 'Wilderness_Area1', 'Soil_Type30', 'Soil_Type36', 'F_Bullwark', 'R_till_substratum', 'Soil_Type38', 'Soil_Type21', 'R_Ratake_families', 'S_extremely stony', 'Soil_Type35', 'F_Leighcan', 'R_Rock_land', 'Soil_Type33', 'Slope', 'Soil_Type1', 'Horizontal_Distance_To_Fire_Points', 'Soil_Type9', 'GeoZone_7', 'Cover_Type', 'Soil_Type23', 'Soil_Type11', 'ClimZone_6', 'Wilderness_Area4', 'Soil_Type37', 'Wilderness_Area2', 'ClimZone_5', 'Elevation', 'Soil_Type15', 'Soil_Type10', 'F_Gateview', 'S_rubbly', 'Soil_Type25', 'Soil_Type29', 'Soil_Type26', 'Soil_Type20', 'Soil_Type28', 'Soil_Type19', 'ClimZone_7', 'F_Legault', 'Soil_Type13', 'GeoZone_1', 'GeoZone_2', 'Soil_Type34', 'Horizontal_Distance_To_Roadways', 'Soil_Type31', 'S_very stony', 'Vertical_Distance_To_Hydrology', 'Horizontal_Distance_To_Hydrology', 'ClimZone_4', 'Soil_Type7', 'Soil_Type18', 'Soil_Type17'], 'random_state': 2}",88.22,0.7000661375661376
22/03/2022 18:55:04,"{'model': LGBMClassifier(), 'add_eng_features': True, 'add_climate': True, 'add_geographic': True, 'add_family': True, 'add_rocky': True, 'add_stony': True, 'keep_initial_rows': False, 'columns_to_drop': ['ClimZone_3', 'GeoZone_5', 'F_Gothic', 'F_Troutville', 'F_Rogert', 'F_Bross', 'R_Limber_families', 'R_Aquolis', 'R_Cryoborolis', 'R_Cryaquolis', 'R_Borohemists', 'R_Cryaquepts', 'R_Cryaquolls', 'Vertical_Distance_To_Hydrology'], 'decomposition': MCA(n_components=25, n_iter=3, random_state=42), 'columns_to_decomp': ['Wilderness_Area1', 'Wilderness_Area2', 'Wilderness_Area3', 'Wilderness_Area4', 'ClimZone_2', 'ClimZone_4', 'ClimZone_5', 'ClimZone_6', 'ClimZone_7', 'ClimZone_8', 'GeoZone_1', 'GeoZone_2', 'GeoZone_7', 'F_Cathedral', 'F_Ratake', 'F_Vanet', 'F_Legault', 'F_Catamount', 'F_Bullwark', 'F_Gateview', 'F_Leighcan', 'F_Como', 'F_Moran', 'R_Rock_outcrop', 'R_Ratake_families', 'R_Rock_land', 'R_till_substratum', 'R_Cryumbrepts', 'R_Cryorthents', 'Rock', 'S_rubbly', 'S_stony', 'S_very stony', 'S_extremely stony'], 'random_state': 2}",84.08,0.8812830687830688
22/03/2022 18:56:28,"{'model': LGBMClassifier(), 'add_eng_features': True, 'add_climate': True, 'add_geographic': True, 'add_family': True, 'add_rocky': True, 'add_stony': True, 'keep_initial_rows': False, 'columns_to_drop': ['ClimZone_3', 'GeoZone_5', 'F_Gothic', 'F_Troutville', 'F_Rogert', 'F_Bross', 'R_Limber_families', 'R_Aquolis', 'R_Cryoborolis', 'R_Cryaquolis', 'R_Borohemists', 'R_Cryaquepts', 'R_Cryaquolls', 'Vertical_Distance_To_Hydrology'], 'decomposition': MCA(n_components=25, n_iter=3, random_state=42), 'columns_to_decomp': ['S_stony', 'Soil_Type39', 'R_Cryumbrepts', 'F_Moran', 'F_Como', 'Rock', 'ClimZone_2', 'Wilderness_Area3', 'F_Cathedral', 'Soil_Type8', 'Hillshade_Noon', 'Soil_Type16', 'Hillshade_3pm', 'F_Catamount', 'Soil_Type32', 'Aspect', 'Soil_Type24', 'F_Ratake', 'Soil_Type6', 'Soil_Type12', 'R_Cryorthents', 'R_Rock_outcrop', 'Hillshade_9am', 'Soil_Type4', 'Soil_Type14', 'Soil_Type40', 'F_Vanet', 'ClimZone_8', 'Soil_Type5', 'Soil_Type2', 'Soil_Type22', 'Soil_Type3', 'Soil_Type27', 'Wilderness_Area1', 'Soil_Type30', 'Soil_Type36', 'F_Bullwark', 'R_till_substratum', 'Soil_Type38', 'Soil_Type21', 'R_Ratake_families', 'S_extremely stony', 'Soil_Type35', 'F_Leighcan', 'R_Rock_land', 'Soil_Type33', 'Slope', 'Soil_Type1', 'Horizontal_Distance_To_Fire_Points', 'Soil_Type9', 'GeoZone_7', 'Cover_Type', 'Soil_Type23', 'Soil_Type11', 'ClimZone_6', 'Wilderness_Area4', 'Soil_Type37', 'Wilderness_Area2', 'ClimZone_5', 'Elevation', 'Soil_Type15', 'Soil_Type10', 'F_Gateview', 'S_rubbly', 'Soil_Type25', 'Soil_Type29', 'Soil_Type26', 'Soil_Type20', 'Soil_Type28', 'Soil_Type19', 'ClimZone_7', 'F_Legault', 'Soil_Type13', 'GeoZone_1', 'GeoZone_2', 'Soil_Type34', 'Horizontal_Distance_To_Roadways', 'Soil_Type31', 'S_very stony', 'Vertical_Distance_To_Hydrology', 'Horizontal_Distance_To_Hydrology', 'ClimZone_4', 'Soil_Type7', 'Soil_Type18', 'Soil_Type17'], 'random_state': 2}",84.11,0.8445767195767195
22/03/2022 18:57:58,"{'model': LGBMClassifier(), 'add_eng_features': True, 'add_climate': True, 'add_geographic': True, 'add_family': True, 'add_rocky': True, 'add_stony': True, 'keep_initial_rows': False, 'columns_to_drop': ['ClimZone_3', 'GeoZone_5', 'F_Gothic', 'F_Troutville', 'F_Rogert', 'F_Bross', 'R_Limber_families', 'R_Aquolis', 'R_Cryoborolis', 'R_Cryaquolis', 'R_Borohemists', 'R_Cryaquepts', 'R_Cryaquolls', 'Vertical_Distance_To_Hydrology'], 'decomposition': MCA(n_components=25, n_iter=3, random_state=42), 'columns_to_decomp': ['Id', 'S_stony', 'Soil_Type39', 'R_Cryumbrepts', 'F_Moran', 'F_Como', 'Rock', 'ClimZone_2', 'Wilderness_Area3', 'F_Cathedral', 'Soil_Type8', 'Hillshade_Noon', 'Soil_Type16', 'Hillshade_3pm', 'F_Catamount', 'Soil_Type32', 'Aspect', 'Soil_Type24', 'F_Ratake', 'Soil_Type6', 'Soil_Type12', 'R_Cryorthents', 'R_Rock_outcrop', 'Hillshade_9am', 'Soil_Type4', 'Soil_Type14', 'Soil_Type40', 'F_Vanet', 'ClimZone_8', 'Soil_Type5', 'Soil_Type2', 'Soil_Type22', 'Soil_Type3', 'Soil_Type27', 'Wilderness_Area1', 'Soil_Type30', 'Soil_Type36', 'F_Bullwark', 'R_till_substratum', 'Soil_Type38', 'Soil_Type21', 'R_Ratake_families', 'S_extremely stony', 'Soil_Type35', 'F_Leighcan', 'R_Rock_land', 'Soil_Type33', 'Slope', 'Soil_Type1', 'Horizontal_Distance_To_Fire_Points', 'Soil_Type9', 'GeoZone_7', 'Cover_Type', 'Soil_Type23', 'Soil_Type11', 'ClimZone_6', 'Wilderness_Area4', 'Soil_Type37', 'Wilderness_Area2', 'ClimZone_5', 'Elevation', 'Soil_Type15', 'Soil_Type10', 'F_Gateview', 'S_rubbly', 'Soil_Type25', 'Soil_Type29', 'Soil_Type26', 'Soil_Type20', 'Soil_Type28', 'Soil_Type19', 'ClimZone_7', 'F_Legault', 'Soil_Type13', 'GeoZone_1', 'GeoZone_2', 'Soil_Type34', 'Horizontal_Distance_To_Roadways', 'Soil_Type31', 'S_very stony', 'Vertical_Distance_To_Hydrology', 'Horizontal_Distance_To_Hydrology', 'ClimZone_4', 'Soil_Type7', 'Soil_Type18', 'Soil_Type17'], 'random_state': 2}",89.82,0.689484126984127
22/03/2022 18:59:30,"{'model': LGBMClassifier(), 'add_eng_features': True, 'add_climate': True, 'add_geographic': True, 'add_family': True, 'add_rocky': True, 'add_stony': True, 'keep_initial_rows': False, 'columns_to_drop': ['ClimZone_3', 'GeoZone_5', 'F_Gothic', 'F_Troutville', 'F_Rogert', 'F_Bross', 'R_Limber_families', 'R_Aquolis', 'R_Cryoborolis', 'R_Cryaquolis', 'R_Borohemists', 'R_Cryaquepts', 'R_Cryaquolls', 'Vertical_Distance_To_Hydrology'], 'decomposition': PCA(n_components=5, random_state=42), 'columns_to_decomp': ['Wilderness_Area1', 'Wilderness_Area2', 'Wilderness_Area3', 'Wilderness_Area4', 'ClimZone_2', 'ClimZone_4', 'ClimZone_5', 'ClimZone_6', 'ClimZone_7', 'ClimZone_8', 'GeoZone_1', 'GeoZone_2', 'GeoZone_7', 'F_Cathedral', 'F_Ratake', 'F_Vanet', 'F_Legault', 'F_Catamount', 'F_Bullwark', 'F_Gateview', 'F_Leighcan', 'F_Como', 'F_Moran', 'R_Rock_outcrop', 'R_Ratake_families', 'R_Rock_land', 'R_till_substratum', 'R_Cryumbrepts', 'R_Cryorthents', 'Rock', 'S_rubbly', 'S_stony', 'S_very stony', 'S_extremely stony'], 'random_state': 2}",65.69,0.7566137566137566
22/03/2022 19:00:32,"{'model': LGBMClassifier(), 'add_eng_features': True, 'add_climate': True, 'add_geographic': True, 'add_family': True, 'add_rocky': True, 'add_stony': True, 'keep_initial_rows': False, 'columns_to_drop': ['ClimZone_3', 'GeoZone_5', 'F_Gothic', 'F_Troutville', 'F_Rogert', 'F_Bross', 'R_Limber_families', 'R_Aquolis', 'R_Cryoborolis', 'R_Cryaquolis', 'R_Borohemists', 'R_Cryaquepts', 'R_Cryaquolls', 'Vertical_Distance_To_Hydrology'], 'decomposition': PCA(n_components=5, random_state=42), 'columns_to_decomp': ['S_stony', 'Soil_Type39', 'R_Cryumbrepts', 'F_Moran', 'F_Como', 'Rock', 'ClimZone_2', 'Wilderness_Area3', 'F_Cathedral', 'Soil_Type8', 'Hillshade_Noon', 'Soil_Type16', 'Hillshade_3pm', 'F_Catamount', 'Soil_Type32', 'Aspect', 'Soil_Type24', 'F_Ratake', 'Soil_Type6', 'Soil_Type12', 'R_Cryorthents', 'R_Rock_outcrop', 'Hillshade_9am', 'Soil_Type4', 'Soil_Type14', 'Soil_Type40', 'F_Vanet', 'ClimZone_8', 'Soil_Type5', 'Soil_Type2', 'Soil_Type22', 'Soil_Type3', 'Soil_Type27', 'Wilderness_Area1', 'Soil_Type30', 'Soil_Type36', 'F_Bullwark', 'R_till_substratum', 'Soil_Type38', 'Soil_Type21', 'R_Ratake_families', 'S_extremely stony', 'Soil_Type35', 'F_Leighcan', 'R_Rock_land', 'Soil_Type33', 'Slope', 'Soil_Type1', 'Horizontal_Distance_To_Fire_Points', 'Soil_Type9', 'GeoZone_7', 'Cover_Type', 'Soil_Type23', 'Soil_Type11', 'ClimZone_6', 'Wilderness_Area4', 'Soil_Type37', 'Wilderness_Area2', 'ClimZone_5', 'Elevation', 'Soil_Type15', 'Soil_Type10', 'F_Gateview', 'S_rubbly', 'Soil_Type25', 'Soil_Type29', 'Soil_Type26', 'Soil_Type20', 'Soil_Type28', 'Soil_Type19', 'ClimZone_7', 'F_Legault', 'Soil_Type13', 'GeoZone_1', 'GeoZone_2', 'Soil_Type34', 'Horizontal_Distance_To_Roadways', 'Soil_Type31', 'S_very stony', 'Vertical_Distance_To_Hydrology', 'Horizontal_Distance_To_Hydrology', 'ClimZone_4', 'Soil_Type7', 'Soil_Type18', 'Soil_Type17'], 'random_state': 2}",61.54,0.876984126984127
22/03/2022 19:01:33,"{'model': LGBMClassifier(), 'add_eng_features': True, 'add_climate': True, 'add_geographic': True, 'add_family': True, 'add_rocky': True, 'add_stony': True, 'keep_initial_rows': False, 'columns_to_drop': ['ClimZone_3', 'GeoZone_5', 'F_Gothic', 'F_Troutville', 'F_Rogert', 'F_Bross', 'R_Limber_families', 'R_Aquolis', 'R_Cryoborolis', 'R_Cryaquolis', 'R_Borohemists', 'R_Cryaquepts', 'R_Cryaquolls', 'Vertical_Distance_To_Hydrology'], 'decomposition': PCA(n_components=5, random_state=42), 'columns_to_decomp': ['Id', 'S_stony', 'Soil_Type39', 'R_Cryumbrepts', 'F_Moran', 'F_Como', 'Rock', 'ClimZone_2', 'Wilderness_Area3', 'F_Cathedral', 'Soil_Type8', 'Hillshade_Noon', 'Soil_Type16', 'Hillshade_3pm', 'F_Catamount', 'Soil_Type32', 'Aspect', 'Soil_Type24', 'F_Ratake', 'Soil_Type6', 'Soil_Type12', 'R_Cryorthents', 'R_Rock_outcrop', 'Hillshade_9am', 'Soil_Type4', 'Soil_Type14', 'Soil_Type40', 'F_Vanet', 'ClimZone_8', 'Soil_Type5', 'Soil_Type2', 'Soil_Type22', 'Soil_Type3', 'Soil_Type27', 'Wilderness_Area1', 'Soil_Type30', 'Soil_Type36', 'F_Bullwark', 'R_till_substratum', 'Soil_Type38', 'Soil_Type21', 'R_Ratake_families', 'S_extremely stony', 'Soil_Type35', 'F_Leighcan', 'R_Rock_land', 'Soil_Type33', 'Slope', 'Soil_Type1', 'Horizontal_Distance_To_Fire_Points', 'Soil_Type9', 'GeoZone_7', 'Cover_Type', 'Soil_Type23', 'Soil_Type11', 'ClimZone_6', 'Wilderness_Area4', 'Soil_Type37', 'Wilderness_Area2', 'ClimZone_5', 'Elevation', 'Soil_Type15', 'Soil_Type10', 'F_Gateview', 'S_rubbly', 'Soil_Type25', 'Soil_Type29', 'Soil_Type26', 'Soil_Type20', 'Soil_Type28', 'Soil_Type19', 'ClimZone_7', 'F_Legault', 'Soil_Type13', 'GeoZone_1', 'GeoZone_2', 'Soil_Type34', 'Horizontal_Distance_To_Roadways', 'Soil_Type31', 'S_very stony', 'Vertical_Distance_To_Hydrology', 'Horizontal_Distance_To_Hydrology', 'ClimZone_4', 'Soil_Type7', 'Soil_Type18', 'Soil_Type17'], 'random_state': 2}",61.45,0.8432539682539683
22/03/2022 19:02:34,"{'model': LGBMClassifier(), 'add_eng_features': True, 'add_climate': True, 'add_geographic': True, 'add_family': True, 'add_rocky': True, 'add_stony': True, 'keep_initial_rows': False, 'columns_to_drop': ['ClimZone_3', 'GeoZone_5', 'F_Gothic', 'F_Troutville', 'F_Rogert', 'F_Bross', 'R_Limber_families', 'R_Aquolis', 'R_Cryoborolis', 'R_Cryaquolis', 'R_Borohemists', 'R_Cryaquepts', 'R_Cryaquolls', 'Vertical_Distance_To_Hydrology'], 'decomposition': PCA(n_components=8, random_state=42), 'columns_to_decomp': ['Wilderness_Area1', 'Wilderness_Area2', 'Wilderness_Area3', 'Wilderness_Area4', 'ClimZone_2', 'ClimZone_4', 'ClimZone_5', 'ClimZone_6', 'ClimZone_7', 'ClimZone_8', 'GeoZone_1', 'GeoZone_2', 'GeoZone_7', 'F_Cathedral', 'F_Ratake', 'F_Vanet', 'F_Legault', 'F_Catamount', 'F_Bullwark', 'F_Gateview', 'F_Leighcan', 'F_Como', 'F_Moran', 'R_Rock_outcrop', 'R_Ratake_families', 'R_Rock_land', 'R_till_substratum', 'R_Cryumbrepts', 'R_Cryorthents', 'Rock', 'S_rubbly', 'S_stony', 'S_very stony', 'S_extremely stony'], 'random_state': 2}",60.78,0.7691798941798942
22/03/2022 19:03:35,"{'model': LGBMClassifier(), 'add_eng_features': True, 'add_climate': True, 'add_geographic': True, 'add_family': True, 'add_rocky': True, 'add_stony': True, 'keep_initial_rows': False, 'columns_to_drop': ['ClimZone_3', 'GeoZone_5', 'F_Gothic', 'F_Troutville', 'F_Rogert', 'F_Bross', 'R_Limber_families', 'R_Aquolis', 'R_Cryoborolis', 'R_Cryaquolis', 'R_Borohemists', 'R_Cryaquepts', 'R_Cryaquolls', 'Vertical_Distance_To_Hydrology'], 'decomposition': PCA(n_components=8, random_state=42), 'columns_to_decomp': ['S_stony', 'Soil_Type39', 'R_Cryumbrepts', 'F_Moran', 'F_Como', 'Rock', 'ClimZone_2', 'Wilderness_Area3', 'F_Cathedral', 'Soil_Type8', 'Hillshade_Noon', 'Soil_Type16', 'Hillshade_3pm', 'F_Catamount', 'Soil_Type32', 'Aspect', 'Soil_Type24', 'F_Ratake', 'Soil_Type6', 'Soil_Type12', 'R_Cryorthents', 'R_Rock_outcrop', 'Hillshade_9am', 'Soil_Type4', 'Soil_Type14', 'Soil_Type40', 'F_Vanet', 'ClimZone_8', 'Soil_Type5', 'Soil_Type2', 'Soil_Type22', 'Soil_Type3', 'Soil_Type27', 'Wilderness_Area1', 'Soil_Type30', 'Soil_Type36', 'F_Bullwark', 'R_till_substratum', 'Soil_Type38', 'Soil_Type21', 'R_Ratake_families', 'S_extremely stony', 'Soil_Type35', 'F_Leighcan', 'R_Rock_land', 'Soil_Type33', 'Slope', 'Soil_Type1', 'Horizontal_Distance_To_Fire_Points', 'Soil_Type9', 'GeoZone_7', 'Cover_Type', 'Soil_Type23', 'Soil_Type11', 'ClimZone_6', 'Wilderness_Area4', 'Soil_Type37', 'Wilderness_Area2', 'ClimZone_5', 'Elevation', 'Soil_Type15', 'Soil_Type10', 'F_Gateview', 'S_rubbly', 'Soil_Type25', 'Soil_Type29', 'Soil_Type26', 'Soil_Type20', 'Soil_Type28', 'Soil_Type19', 'ClimZone_7', 'F_Legault', 'Soil_Type13', 'GeoZone_1', 'GeoZone_2', 'Soil_Type34', 'Horizontal_Distance_To_Roadways', 'Soil_Type31', 'S_very stony', 'Vertical_Distance_To_Hydrology', 'Horizontal_Distance_To_Hydrology', 'ClimZone_4', 'Soil_Type7', 'Soil_Type18', 'Soil_Type17'], 'random_state': 2}",60.9,0.8779761904761905
22/03/2022 19:04:38,"{'model': LGBMClassifier(), 'add_eng_features': True, 'add_climate': True, 'add_geographic': True, 'add_family': True, 'add_rocky': True, 'add_stony': True, 'keep_initial_rows': False, 'columns_to_drop': ['ClimZone_3', 'GeoZone_5', 'F_Gothic', 'F_Troutville', 'F_Rogert', 'F_Bross', 'R_Limber_families', 'R_Aquolis', 'R_Cryoborolis', 'R_Cryaquolis', 'R_Borohemists', 'R_Cryaquepts', 'R_Cryaquolls', 'Vertical_Distance_To_Hydrology'], 'decomposition': PCA(n_components=8, random_state=42), 'columns_to_decomp': ['Id', 'S_stony', 'Soil_Type39', 'R_Cryumbrepts', 'F_Moran', 'F_Como', 'Rock', 'ClimZone_2', 'Wilderness_Area3', 'F_Cathedral', 'Soil_Type8', 'Hillshade_Noon', 'Soil_Type16', 'Hillshade_3pm', 'F_Catamount', 'Soil_Type32', 'Aspect', 'Soil_Type24', 'F_Ratake', 'Soil_Type6', 'Soil_Type12', 'R_Cryorthents', 'R_Rock_outcrop', 'Hillshade_9am', 'Soil_Type4', 'Soil_Type14', 'Soil_Type40', 'F_Vanet', 'ClimZone_8', 'Soil_Type5', 'Soil_Type2', 'Soil_Type22', 'Soil_Type3', 'Soil_Type27', 'Wilderness_Area1', 'Soil_Type30', 'Soil_Type36', 'F_Bullwark', 'R_till_substratum', 'Soil_Type38', 'Soil_Type21', 'R_Ratake_families', 'S_extremely stony', 'Soil_Type35', 'F_Leighcan', 'R_Rock_land', 'Soil_Type33', 'Slope', 'Soil_Type1', 'Horizontal_Distance_To_Fire_Points', 'Soil_Type9', 'GeoZone_7', 'Cover_Type', 'Soil_Type23', 'Soil_Type11', 'ClimZone_6', 'Wilderness_Area4', 'Soil_Type37', 'Wilderness_Area2', 'ClimZone_5', 'Elevation', 'Soil_Type15', 'Soil_Type10', 'F_Gateview', 'S_rubbly', 'Soil_Type25', 'Soil_Type29', 'Soil_Type26', 'Soil_Type20', 'Soil_Type28', 'Soil_Type19', 'ClimZone_7', 'F_Legault', 'Soil_Type13', 'GeoZone_1', 'GeoZone_2', 'Soil_Type34', 'Horizontal_Distance_To_Roadways', 'Soil_Type31', 'S_very stony', 'Vertical_Distance_To_Hydrology', 'Horizontal_Distance_To_Hydrology', 'ClimZone_4', 'Soil_Type7', 'Soil_Type18', 'Soil_Type17'], 'random_state': 2}",62.96,0.8445767195767195
22/03/2022 19:05:39,"{'model': LGBMClassifier(), 'add_eng_features': True, 'add_climate': True, 'add_geographic': True, 'add_family': True, 'add_rocky': True, 'add_stony': True, 'keep_initial_rows': False, 'columns_to_drop': ['ClimZone_3', 'GeoZone_5', 'F_Gothic', 'F_Troutville', 'F_Rogert', 'F_Bross', 'R_Limber_families', 'R_Aquolis', 'R_Cryoborolis', 'R_Cryaquolis', 'R_Borohemists', 'R_Cryaquepts', 'R_Cryaquolls', 'Vertical_Distance_To_Hydrology'], 'decomposition': PCA(n_components=12, random_state=42), 'columns_to_decomp': ['Wilderness_Area1', 'Wilderness_Area2', 'Wilderness_Area3', 'Wilderness_Area4', 'ClimZone_2', 'ClimZone_4', 'ClimZone_5', 'ClimZone_6', 'ClimZone_7', 'ClimZone_8', 'GeoZone_1', 'GeoZone_2', 'GeoZone_7', 'F_Cathedral', 'F_Ratake', 'F_Vanet', 'F_Legault', 'F_Catamount', 'F_Bullwark', 'F_Gateview', 'F_Leighcan', 'F_Como', 'F_Moran', 'R_Rock_outcrop', 'R_Ratake_families', 'R_Rock_land', 'R_till_substratum', 'R_Cryumbrepts', 'R_Cryorthents', 'Rock', 'S_rubbly', 'S_stony', 'S_very stony', 'S_extremely stony'], 'random_state': 2}",60.58,0.7966269841269841
22/03/2022 19:06:43,"{'model': LGBMClassifier(), 'add_eng_features': True, 'add_climate': True, 'add_geographic': True, 'add_family': True, 'add_rocky': True, 'add_stony': True, 'keep_initial_rows': False, 'columns_to_drop': ['ClimZone_3', 'GeoZone_5', 'F_Gothic', 'F_Troutville', 'F_Rogert', 'F_Bross', 'R_Limber_families', 'R_Aquolis', 'R_Cryoborolis', 'R_Cryaquolis', 'R_Borohemists', 'R_Cryaquepts', 'R_Cryaquolls', 'Vertical_Distance_To_Hydrology'], 'decomposition': PCA(n_components=12, random_state=42), 'columns_to_decomp': ['S_stony', 'Soil_Type39', 'R_Cryumbrepts', 'F_Moran', 'F_Como', 'Rock', 'ClimZone_2', 'Wilderness_Area3', 'F_Cathedral', 'Soil_Type8', 'Hillshade_Noon', 'Soil_Type16', 'Hillshade_3pm', 'F_Catamount', 'Soil_Type32', 'Aspect', 'Soil_Type24', 'F_Ratake', 'Soil_Type6', 'Soil_Type12', 'R_Cryorthents', 'R_Rock_outcrop', 'Hillshade_9am', 'Soil_Type4', 'Soil_Type14', 'Soil_Type40', 'F_Vanet', 'ClimZone_8', 'Soil_Type5', 'Soil_Type2', 'Soil_Type22', 'Soil_Type3', 'Soil_Type27', 'Wilderness_Area1', 'Soil_Type30', 'Soil_Type36', 'F_Bullwark', 'R_till_substratum', 'Soil_Type38', 'Soil_Type21', 'R_Ratake_families', 'S_extremely stony', 'Soil_Type35', 'F_Leighcan', 'R_Rock_land', 'Soil_Type33', 'Slope', 'Soil_Type1', 'Horizontal_Distance_To_Fire_Points', 'Soil_Type9', 'GeoZone_7', 'Cover_Type', 'Soil_Type23', 'Soil_Type11', 'ClimZone_6', 'Wilderness_Area4', 'Soil_Type37', 'Wilderness_Area2', 'ClimZone_5', 'Elevation', 'Soil_Type15', 'Soil_Type10', 'F_Gateview', 'S_rubbly', 'Soil_Type25', 'Soil_Type29', 'Soil_Type26', 'Soil_Type20', 'Soil_Type28', 'Soil_Type19', 'ClimZone_7', 'F_Legault', 'Soil_Type13', 'GeoZone_1', 'GeoZone_2', 'Soil_Type34', 'Horizontal_Distance_To_Roadways', 'Soil_Type31', 'S_very stony', 'Vertical_Distance_To_Hydrology', 'Horizontal_Distance_To_Hydrology', 'ClimZone_4', 'Soil_Type7', 'Soil_Type18', 'Soil_Type17'], 'random_state': 2}",64.14,0.8601190476190477
22/03/2022 19:07:49,"{'model': LGBMClassifier(), 'add_eng_features': True, 'add_climate': True, 'add_geographic': True, 'add_family': True, 'add_rocky': True, 'add_stony': True, 'keep_initial_rows': False, 'columns_to_drop': ['ClimZone_3', 'GeoZone_5', 'F_Gothic', 'F_Troutville', 'F_Rogert', 'F_Bross', 'R_Limber_families', 'R_Aquolis', 'R_Cryoborolis', 'R_Cryaquolis', 'R_Borohemists', 'R_Cryaquepts', 'R_Cryaquolls', 'Vertical_Distance_To_Hydrology'], 'decomposition': PCA(n_components=12, random_state=42), 'columns_to_decomp': ['Id', 'S_stony', 'Soil_Type39', 'R_Cryumbrepts', 'F_Moran', 'F_Como', 'Rock', 'ClimZone_2', 'Wilderness_Area3', 'F_Cathedral', 'Soil_Type8', 'Hillshade_Noon', 'Soil_Type16', 'Hillshade_3pm', 'F_Catamount', 'Soil_Type32', 'Aspect', 'Soil_Type24', 'F_Ratake', 'Soil_Type6', 'Soil_Type12', 'R_Cryorthents', 'R_Rock_outcrop', 'Hillshade_9am', 'Soil_Type4', 'Soil_Type14', 'Soil_Type40', 'F_Vanet', 'ClimZone_8', 'Soil_Type5', 'Soil_Type2', 'Soil_Type22', 'Soil_Type3', 'Soil_Type27', 'Wilderness_Area1', 'Soil_Type30', 'Soil_Type36', 'F_Bullwark', 'R_till_substratum', 'Soil_Type38', 'Soil_Type21', 'R_Ratake_families', 'S_extremely stony', 'Soil_Type35', 'F_Leighcan', 'R_Rock_land', 'Soil_Type33', 'Slope', 'Soil_Type1', 'Horizontal_Distance_To_Fire_Points', 'Soil_Type9', 'GeoZone_7', 'Cover_Type', 'Soil_Type23', 'Soil_Type11', 'ClimZone_6', 'Wilderness_Area4', 'Soil_Type37', 'Wilderness_Area2', 'ClimZone_5', 'Elevation', 'Soil_Type15', 'Soil_Type10', 'F_Gateview', 'S_rubbly', 'Soil_Type25', 'Soil_Type29', 'Soil_Type26', 'Soil_Type20', 'Soil_Type28', 'Soil_Type19', 'ClimZone_7', 'F_Legault', 'Soil_Type13', 'GeoZone_1', 'GeoZone_2', 'Soil_Type34', 'Horizontal_Distance_To_Roadways', 'Soil_Type31', 'S_very stony', 'Vertical_Distance_To_Hydrology', 'Horizontal_Distance_To_Hydrology', 'ClimZone_4', 'Soil_Type7', 'Soil_Type18', 'Soil_Type17'], 'random_state': 2}",65.89,0.8065476190476191
22/03/2022 19:08:55,"{'model': LGBMClassifier(), 'add_eng_features': True, 'add_climate': True, 'add_geographic': True, 'add_family': True, 'add_rocky': True, 'add_stony': True, 'keep_initial_rows': False, 'columns_to_drop': ['ClimZone_3', 'GeoZone_5', 'F_Gothic', 'F_Troutville', 'F_Rogert', 'F_Bross', 'R_Limber_families', 'R_Aquolis', 'R_Cryoborolis', 'R_Cryaquolis', 'R_Borohemists', 'R_Cryaquepts', 'R_Cryaquolls', 'Vertical_Distance_To_Hydrology'], 'decomposition': PCA(n_components=15, random_state=42), 'columns_to_decomp': ['Wilderness_Area1', 'Wilderness_Area2', 'Wilderness_Area3', 'Wilderness_Area4', 'ClimZone_2', 'ClimZone_4', 'ClimZone_5', 'ClimZone_6', 'ClimZone_7', 'ClimZone_8', 'GeoZone_1', 'GeoZone_2', 'GeoZone_7', 'F_Cathedral', 'F_Ratake', 'F_Vanet', 'F_Legault', 'F_Catamount', 'F_Bullwark', 'F_Gateview', 'F_Leighcan', 'F_Como', 'F_Moran', 'R_Rock_outcrop', 'R_Ratake_families', 'R_Rock_land', 'R_till_substratum', 'R_Cryumbrepts', 'R_Cryorthents', 'Rock', 'S_rubbly', 'S_stony', 'S_very stony', 'S_extremely stony'], 'random_state': 2}",66.12,0.781415343915344
22/03/2022 19:09:59,"{'model': LGBMClassifier(), 'add_eng_features': True, 'add_climate': True, 'add_geographic': True, 'add_family': True, 'add_rocky': True, 'add_stony': True, 'keep_initial_rows': False, 'columns_to_drop': ['ClimZone_3', 'GeoZone_5', 'F_Gothic', 'F_Troutville', 'F_Rogert', 'F_Bross', 'R_Limber_families', 'R_Aquolis', 'R_Cryoborolis', 'R_Cryaquolis', 'R_Borohemists', 'R_Cryaquepts', 'R_Cryaquolls', 'Vertical_Distance_To_Hydrology'], 'decomposition': PCA(n_components=15, random_state=42), 'columns_to_decomp': ['S_stony', 'Soil_Type39', 'R_Cryumbrepts', 'F_Moran', 'F_Como', 'Rock', 'ClimZone_2', 'Wilderness_Area3', 'F_Cathedral', 'Soil_Type8', 'Hillshade_Noon', 'Soil_Type16', 'Hillshade_3pm', 'F_Catamount', 'Soil_Type32', 'Aspect', 'Soil_Type24', 'F_Ratake', 'Soil_Type6', 'Soil_Type12', 'R_Cryorthents', 'R_Rock_outcrop', 'Hillshade_9am', 'Soil_Type4', 'Soil_Type14', 'Soil_Type40', 'F_Vanet', 'ClimZone_8', 'Soil_Type5', 'Soil_Type2', 'Soil_Type22', 'Soil_Type3', 'Soil_Type27', 'Wilderness_Area1', 'Soil_Type30', 'Soil_Type36', 'F_Bullwark', 'R_till_substratum', 'Soil_Type38', 'Soil_Type21', 'R_Ratake_families', 'S_extremely stony', 'Soil_Type35', 'F_Leighcan', 'R_Rock_land', 'Soil_Type33', 'Slope', 'Soil_Type1', 'Horizontal_Distance_To_Fire_Points', 'Soil_Type9', 'GeoZone_7', 'Cover_Type', 'Soil_Type23', 'Soil_Type11', 'ClimZone_6', 'Wilderness_Area4', 'Soil_Type37', 'Wilderness_Area2', 'ClimZone_5', 'Elevation', 'Soil_Type15', 'Soil_Type10', 'F_Gateview', 'S_rubbly', 'Soil_Type25', 'Soil_Type29', 'Soil_Type26', 'Soil_Type20', 'Soil_Type28', 'Soil_Type19', 'ClimZone_7', 'F_Legault', 'Soil_Type13', 'GeoZone_1', 'GeoZone_2', 'Soil_Type34', 'Horizontal_Distance_To_Roadways', 'Soil_Type31', 'S_very stony', 'Vertical_Distance_To_Hydrology', 'Horizontal_Distance_To_Hydrology', 'ClimZone_4', 'Soil_Type7', 'Soil_Type18', 'Soil_Type17'], 'random_state': 2}",64.56,0.8558201058201058
22/03/2022 19:11:04,"{'model': LGBMClassifier(), 'add_eng_features': True, 'add_climate': True, 'add_geographic': True, 'add_family': True, 'add_rocky': True, 'add_stony': True, 'keep_initial_rows': False, 'columns_to_drop': ['ClimZone_3', 'GeoZone_5', 'F_Gothic', 'F_Troutville', 'F_Rogert', 'F_Bross', 'R_Limber_families', 'R_Aquolis', 'R_Cryoborolis', 'R_Cryaquolis', 'R_Borohemists', 'R_Cryaquepts', 'R_Cryaquolls', 'Vertical_Distance_To_Hydrology'], 'decomposition': PCA(n_components=15, random_state=42), 'columns_to_decomp': ['Id', 'S_stony', 'Soil_Type39', 'R_Cryumbrepts', 'F_Moran', 'F_Como', 'Rock', 'ClimZone_2', 'Wilderness_Area3', 'F_Cathedral', 'Soil_Type8', 'Hillshade_Noon', 'Soil_Type16', 'Hillshade_3pm', 'F_Catamount', 'Soil_Type32', 'Aspect', 'Soil_Type24', 'F_Ratake', 'Soil_Type6', 'Soil_Type12', 'R_Cryorthents', 'R_Rock_outcrop', 'Hillshade_9am', 'Soil_Type4', 'Soil_Type14', 'Soil_Type40', 'F_Vanet', 'ClimZone_8', 'Soil_Type5', 'Soil_Type2', 'Soil_Type22', 'Soil_Type3', 'Soil_Type27', 'Wilderness_Area1', 'Soil_Type30', 'Soil_Type36', 'F_Bullwark', 'R_till_substratum', 'Soil_Type38', 'Soil_Type21', 'R_Ratake_families', 'S_extremely stony', 'Soil_Type35', 'F_Leighcan', 'R_Rock_land', 'Soil_Type33', 'Slope', 'Soil_Type1', 'Horizontal_Distance_To_Fire_Points', 'Soil_Type9', 'GeoZone_7', 'Cover_Type', 'Soil_Type23', 'Soil_Type11', 'ClimZone_6', 'Wilderness_Area4', 'Soil_Type37', 'Wilderness_Area2', 'ClimZone_5', 'Elevation', 'Soil_Type15', 'Soil_Type10', 'F_Gateview', 'S_rubbly', 'Soil_Type25', 'Soil_Type29', 'Soil_Type26', 'Soil_Type20', 'Soil_Type28', 'Soil_Type19', 'ClimZone_7', 'F_Legault', 'Soil_Type13', 'GeoZone_1', 'GeoZone_2', 'Soil_Type34', 'Horizontal_Distance_To_Roadways', 'Soil_Type31', 'S_very stony', 'Vertical_Distance_To_Hydrology', 'Horizontal_Distance_To_Hydrology', 'ClimZone_4', 'Soil_Type7', 'Soil_Type18', 'Soil_Type17'], 'random_state': 2}",64.86,0.792989417989418
22/03/2022 19:12:10,"{'model': LGBMClassifier(), 'add_eng_features': True, 'add_climate': True, 'add_geographic': True, 'add_family': True, 'add_rocky': True, 'add_stony': True, 'keep_initial_rows': False, 'columns_to_drop': ['ClimZone_3', 'GeoZone_5', 'F_Gothic', 'F_Troutville', 'F_Rogert', 'F_Bross', 'R_Limber_families', 'R_Aquolis', 'R_Cryoborolis', 'R_Cryaquolis', 'R_Borohemists', 'R_Cryaquepts', 'R_Cryaquolls', 'Vertical_Distance_To_Hydrology'], 'decomposition': PCA(n_components=20, random_state=42), 'columns_to_decomp': ['Wilderness_Area1', 'Wilderness_Area2', 'Wilderness_Area3', 'Wilderness_Area4', 'ClimZone_2', 'ClimZone_4', 'ClimZone_5', 'ClimZone_6', 'ClimZone_7', 'ClimZone_8', 'GeoZone_1', 'GeoZone_2', 'GeoZone_7', 'F_Cathedral', 'F_Ratake', 'F_Vanet', 'F_Legault', 'F_Catamount', 'F_Bullwark', 'F_Gateview', 'F_Leighcan', 'F_Como', 'F_Moran', 'R_Rock_outcrop', 'R_Ratake_families', 'R_Rock_land', 'R_till_substratum', 'R_Cryumbrepts', 'R_Cryorthents', 'Rock', 'S_rubbly', 'S_stony', 'S_very stony', 'S_extremely stony'], 'random_state': 2}",65.17,0.7784391534391535
22/03/2022 19:13:18,"{'model': LGBMClassifier(), 'add_eng_features': True, 'add_climate': True, 'add_geographic': True, 'add_family': True, 'add_rocky': True, 'add_stony': True, 'keep_initial_rows': False, 'columns_to_drop': ['ClimZone_3', 'GeoZone_5', 'F_Gothic', 'F_Troutville', 'F_Rogert', 'F_Bross', 'R_Limber_families', 'R_Aquolis', 'R_Cryoborolis', 'R_Cryaquolis', 'R_Borohemists', 'R_Cryaquepts', 'R_Cryaquolls', 'Vertical_Distance_To_Hydrology'], 'decomposition': PCA(n_components=20, random_state=42), 'columns_to_decomp': ['S_stony', 'Soil_Type39', 'R_Cryumbrepts', 'F_Moran', 'F_Como', 'Rock', 'ClimZone_2', 'Wilderness_Area3', 'F_Cathedral', 'Soil_Type8', 'Hillshade_Noon', 'Soil_Type16', 'Hillshade_3pm', 'F_Catamount', 'Soil_Type32', 'Aspect', 'Soil_Type24', 'F_Ratake', 'Soil_Type6', 'Soil_Type12', 'R_Cryorthents', 'R_Rock_outcrop', 'Hillshade_9am', 'Soil_Type4', 'Soil_Type14', 'Soil_Type40', 'F_Vanet', 'ClimZone_8', 'Soil_Type5', 'Soil_Type2', 'Soil_Type22', 'Soil_Type3', 'Soil_Type27', 'Wilderness_Area1', 'Soil_Type30', 'Soil_Type36', 'F_Bullwark', 'R_till_substratum', 'Soil_Type38', 'Soil_Type21', 'R_Ratake_families', 'S_extremely stony', 'Soil_Type35', 'F_Leighcan', 'R_Rock_land', 'Soil_Type33', 'Slope', 'Soil_Type1', 'Horizontal_Distance_To_Fire_Points', 'Soil_Type9', 'GeoZone_7', 'Cover_Type', 'Soil_Type23', 'Soil_Type11', 'ClimZone_6', 'Wilderness_Area4', 'Soil_Type37', 'Wilderness_Area2', 'ClimZone_5', 'Elevation', 'Soil_Type15', 'Soil_Type10', 'F_Gateview', 'S_rubbly', 'Soil_Type25', 'Soil_Type29', 'Soil_Type26', 'Soil_Type20', 'Soil_Type28', 'Soil_Type19', 'ClimZone_7', 'F_Legault', 'Soil_Type13', 'GeoZone_1', 'GeoZone_2', 'Soil_Type34', 'Horizontal_Distance_To_Roadways', 'Soil_Type31', 'S_very stony', 'Vertical_Distance_To_Hydrology', 'Horizontal_Distance_To_Hydrology', 'ClimZone_4', 'Soil_Type7', 'Soil_Type18', 'Soil_Type17'], 'random_state': 2}",68.11,0.8478835978835979
22/03/2022 19:14:24,"{'model': LGBMClassifier(), 'add_eng_features': True, 'add_climate': True, 'add_geographic': True, 'add_family': True, 'add_rocky': True, 'add_stony': True, 'keep_initial_rows': False, 'columns_to_drop': ['ClimZone_3', 'GeoZone_5', 'F_Gothic', 'F_Troutville', 'F_Rogert', 'F_Bross', 'R_Limber_families', 'R_Aquolis', 'R_Cryoborolis', 'R_Cryaquolis', 'R_Borohemists', 'R_Cryaquepts', 'R_Cryaquolls', 'Vertical_Distance_To_Hydrology'], 'decomposition': PCA(n_components=20, random_state=42), 'columns_to_decomp': ['Id', 'S_stony', 'Soil_Type39', 'R_Cryumbrepts', 'F_Moran', 'F_Como', 'Rock', 'ClimZone_2', 'Wilderness_Area3', 'F_Cathedral', 'Soil_Type8', 'Hillshade_Noon', 'Soil_Type16', 'Hillshade_3pm', 'F_Catamount', 'Soil_Type32', 'Aspect', 'Soil_Type24', 'F_Ratake', 'Soil_Type6', 'Soil_Type12', 'R_Cryorthents', 'R_Rock_outcrop', 'Hillshade_9am', 'Soil_Type4', 'Soil_Type14', 'Soil_Type40', 'F_Vanet', 'ClimZone_8', 'Soil_Type5', 'Soil_Type2', 'Soil_Type22', 'Soil_Type3', 'Soil_Type27', 'Wilderness_Area1', 'Soil_Type30', 'Soil_Type36', 'F_Bullwark', 'R_till_substratum', 'Soil_Type38', 'Soil_Type21', 'R_Ratake_families', 'S_extremely stony', 'Soil_Type35', 'F_Leighcan', 'R_Rock_land', 'Soil_Type33', 'Slope', 'Soil_Type1', 'Horizontal_Distance_To_Fire_Points', 'Soil_Type9', 'GeoZone_7', 'Cover_Type', 'Soil_Type23', 'Soil_Type11', 'ClimZone_6', 'Wilderness_Area4', 'Soil_Type37', 'Wilderness_Area2', 'ClimZone_5', 'Elevation', 'Soil_Type15', 'Soil_Type10', 'F_Gateview', 'S_rubbly', 'Soil_Type25', 'Soil_Type29', 'Soil_Type26', 'Soil_Type20', 'Soil_Type28', 'Soil_Type19', 'ClimZone_7', 'F_Legault', 'Soil_Type13', 'GeoZone_1', 'GeoZone_2', 'Soil_Type34', 'Horizontal_Distance_To_Roadways', 'Soil_Type31', 'S_very stony', 'Vertical_Distance_To_Hydrology', 'Horizontal_Distance_To_Hydrology', 'ClimZone_4', 'Soil_Type7', 'Soil_Type18', 'Soil_Type17'], 'random_state': 2}",66.6,0.7893518518518519
22/03/2022 19:15:29,"{'model': LGBMClassifier(), 'add_eng_features': True, 'add_climate': True, 'add_geographic': True, 'add_family': True, 'add_rocky': True, 'add_stony': True, 'keep_initial_rows': False, 'columns_to_drop': ['ClimZone_3', 'GeoZone_5', 'F_Gothic', 'F_Troutville', 'F_Rogert', 'F_Bross', 'R_Limber_families', 'R_Aquolis', 'R_Cryoborolis', 'R_Cryaquolis', 'R_Borohemists', 'R_Cryaquepts', 'R_Cryaquolls', 'Vertical_Distance_To_Hydrology'], 'decomposition': PCA(n_components=25, random_state=42), 'columns_to_decomp': ['Wilderness_Area1', 'Wilderness_Area2', 'Wilderness_Area3', 'Wilderness_Area4', 'ClimZone_2', 'ClimZone_4', 'ClimZone_5', 'ClimZone_6', 'ClimZone_7', 'ClimZone_8', 'GeoZone_1', 'GeoZone_2', 'GeoZone_7', 'F_Cathedral', 'F_Ratake', 'F_Vanet', 'F_Legault', 'F_Catamount', 'F_Bullwark', 'F_Gateview', 'F_Leighcan', 'F_Como', 'F_Moran', 'R_Rock_outcrop', 'R_Ratake_families', 'R_Rock_land', 'R_till_substratum', 'R_Cryumbrepts', 'R_Cryorthents', 'Rock', 'S_rubbly', 'S_stony', 'S_very stony', 'S_extremely stony'], 'random_state': 2}",64.53,0.7751322751322751
22/03/2022 19:16:34,"{'model': LGBMClassifier(), 'add_eng_features': True, 'add_climate': True, 'add_geographic': True, 'add_family': True, 'add_rocky': True, 'add_stony': True, 'keep_initial_rows': False, 'columns_to_drop': ['ClimZone_3', 'GeoZone_5', 'F_Gothic', 'F_Troutville', 'F_Rogert', 'F_Bross', 'R_Limber_families', 'R_Aquolis', 'R_Cryoborolis', 'R_Cryaquolis', 'R_Borohemists', 'R_Cryaquepts', 'R_Cryaquolls', 'Vertical_Distance_To_Hydrology'], 'decomposition': PCA(n_components=25, random_state=42), 'columns_to_decomp': ['S_stony', 'Soil_Type39', 'R_Cryumbrepts', 'F_Moran', 'F_Como', 'Rock', 'ClimZone_2', 'Wilderness_Area3', 'F_Cathedral', 'Soil_Type8', 'Hillshade_Noon', 'Soil_Type16', 'Hillshade_3pm', 'F_Catamount', 'Soil_Type32', 'Aspect', 'Soil_Type24', 'F_Ratake', 'Soil_Type6', 'Soil_Type12', 'R_Cryorthents', 'R_Rock_outcrop', 'Hillshade_9am', 'Soil_Type4', 'Soil_Type14', 'Soil_Type40', 'F_Vanet', 'ClimZone_8', 'Soil_Type5', 'Soil_Type2', 'Soil_Type22', 'Soil_Type3', 'Soil_Type27', 'Wilderness_Area1', 'Soil_Type30', 'Soil_Type36', 'F_Bullwark', 'R_till_substratum', 'Soil_Type38', 'Soil_Type21', 'R_Ratake_families', 'S_extremely stony', 'Soil_Type35', 'F_Leighcan', 'R_Rock_land', 'Soil_Type33', 'Slope', 'Soil_Type1', 'Horizontal_Distance_To_Fire_Points', 'Soil_Type9', 'GeoZone_7', 'Cover_Type', 'Soil_Type23', 'Soil_Type11', 'ClimZone_6', 'Wilderness_Area4', 'Soil_Type37', 'Wilderness_Area2', 'ClimZone_5', 'Elevation', 'Soil_Type15', 'Soil_Type10', 'F_Gateview', 'S_rubbly', 'Soil_Type25', 'Soil_Type29', 'Soil_Type26', 'Soil_Type20', 'Soil_Type28', 'Soil_Type19', 'ClimZone_7', 'F_Legault', 'Soil_Type13', 'GeoZone_1', 'GeoZone_2', 'Soil_Type34', 'Horizontal_Distance_To_Roadways', 'Soil_Type31', 'S_very stony', 'Vertical_Distance_To_Hydrology', 'Horizontal_Distance_To_Hydrology', 'ClimZone_4', 'Soil_Type7', 'Soil_Type18', 'Soil_Type17'], 'random_state': 2}",64.68,0.843915343915344
22/03/2022 19:17:38,"{'model': LGBMClassifier(), 'add_eng_features': True, 'add_climate': True, 'add_geographic': True, 'add_family': True, 'add_rocky': True, 'add_stony': True, 'keep_initial_rows': False, 'columns_to_drop': ['ClimZone_3', 'GeoZone_5', 'F_Gothic', 'F_Troutville', 'F_Rogert', 'F_Bross', 'R_Limber_families', 'R_Aquolis', 'R_Cryoborolis', 'R_Cryaquolis', 'R_Borohemists', 'R_Cryaquepts', 'R_Cryaquolls', 'Vertical_Distance_To_Hydrology'], 'decomposition': PCA(n_components=25, random_state=42), 'columns_to_decomp': ['Id', 'S_stony', 'Soil_Type39', 'R_Cryumbrepts', 'F_Moran', 'F_Como', 'Rock', 'ClimZone_2', 'Wilderness_Area3', 'F_Cathedral', 'Soil_Type8', 'Hillshade_Noon', 'Soil_Type16', 'Hillshade_3pm', 'F_Catamount', 'Soil_Type32', 'Aspect', 'Soil_Type24', 'F_Ratake', 'Soil_Type6', 'Soil_Type12', 'R_Cryorthents', 'R_Rock_outcrop', 'Hillshade_9am', 'Soil_Type4', 'Soil_Type14', 'Soil_Type40', 'F_Vanet', 'ClimZone_8', 'Soil_Type5', 'Soil_Type2', 'Soil_Type22', 'Soil_Type3', 'Soil_Type27', 'Wilderness_Area1', 'Soil_Type30', 'Soil_Type36', 'F_Bullwark', 'R_till_substratum', 'Soil_Type38', 'Soil_Type21', 'R_Ratake_families', 'S_extremely stony', 'Soil_Type35', 'F_Leighcan', 'R_Rock_land', 'Soil_Type33', 'Slope', 'Soil_Type1', 'Horizontal_Distance_To_Fire_Points', 'Soil_Type9', 'GeoZone_7', 'Cover_Type', 'Soil_Type23', 'Soil_Type11', 'ClimZone_6', 'Wilderness_Area4', 'Soil_Type37', 'Wilderness_Area2', 'ClimZone_5', 'Elevation', 'Soil_Type15', 'Soil_Type10', 'F_Gateview', 'S_rubbly', 'Soil_Type25', 'Soil_Type29', 'Soil_Type26', 'Soil_Type20', 'Soil_Type28', 'Soil_Type19', 'ClimZone_7', 'F_Legault', 'Soil_Type13', 'GeoZone_1', 'GeoZone_2', 'Soil_Type34', 'Horizontal_Distance_To_Roadways', 'Soil_Type31', 'S_very stony', 'Vertical_Distance_To_Hydrology', 'Horizontal_Distance_To_Hydrology', 'ClimZone_4', 'Soil_Type7', 'Soil_Type18', 'Soil_Type17'], 'random_state': 2}",64.06,0.7820767195767195
22/03/2022 20:02:53,"{'model': LGBMClassifier(learning_rate=0.01, max_depth=32, num_iteration=1024,
               num_leaves=512), 'add_eng_features': True, 'add_climate': True, 'add_geographic': True, 'add_family': True, 'add_rocky': True, 'add_stony': True, 'keep_initial_rows': False, 'columns_to_drop': ['ClimZone_3', 'GeoZone_5', 'F_Gothic', 'F_Troutville', 'F_Rogert', 'F_Bross', 'R_Limber_families', 'R_Aquolis', 'R_Cryoborolis', 'R_Cryaquolis', 'R_Borohemists', 'R_Cryaquepts', 'R_Cryaquolls', 'Vertical_Distance_To_Hydrology'], 'decomposition': MCA(n_components=9, n_iter=3, random_state=42), 'columns_to_decomp': ['Wilderness_Area1', 'Wilderness_Area2', 'Wilderness_Area3', 'Wilderness_Area4', 'ClimZone_2', 'ClimZone_4', 'ClimZone_5', 'ClimZone_6', 'ClimZone_7', 'ClimZone_8', 'GeoZone_1', 'GeoZone_2', 'GeoZone_7', 'F_Cathedral', 'F_Ratake', 'F_Vanet', 'F_Legault', 'F_Catamount', 'F_Bullwark', 'F_Gateview', 'F_Leighcan', 'F_Como', 'F_Moran', 'R_Rock_outcrop', 'R_Ratake_families', 'R_Rock_land', 'R_till_substratum', 'R_Cryumbrepts', 'R_Cryorthents', 'Rock', 'S_rubbly', 'S_stony', 'S_very stony', 'S_extremely stony'], 'random_state': 2}",938.18,0.9077380952380952
22/03/2022 20:15:04,"{'model': LGBMClassifier(learning_rate=0.01, max_depth=32, num_iteration=1024,
               num_leaves=512), 'add_eng_features': False, 'add_climate': True, 'add_geographic': True, 'add_family': True, 'add_rocky': True, 'add_stony': True, 'keep_initial_rows': False, 'columns_to_drop': ['ClimZone_3', 'GeoZone_5', 'F_Gothic', 'F_Troutville', 'F_Rogert', 'F_Bross', 'R_Limber_families', 'R_Aquolis', 'R_Cryoborolis', 'R_Cryaquolis', 'R_Borohemists', 'R_Cryaquepts', 'R_Cryaquolls', 'Vertical_Distance_To_Hydrology'], 'decomposition': MCA(n_components=9, n_iter=3, random_state=42), 'columns_to_decomp': ['Wilderness_Area1', 'Wilderness_Area2', 'Wilderness_Area3', 'Wilderness_Area4', 'ClimZone_2', 'ClimZone_4', 'ClimZone_5', 'ClimZone_6', 'ClimZone_7', 'ClimZone_8', 'GeoZone_1', 'GeoZone_2', 'GeoZone_7', 'F_Cathedral', 'F_Ratake', 'F_Vanet', 'F_Legault', 'F_Catamount', 'F_Bullwark', 'F_Gateview', 'F_Leighcan', 'F_Como', 'F_Moran', 'R_Rock_outcrop', 'R_Ratake_families', 'R_Rock_land', 'R_till_substratum', 'R_Cryumbrepts', 'R_Cryorthents', 'Rock', 'S_rubbly', 'S_stony', 'S_very stony', 'S_extremely stony'], 'random_state': 2}",731.02,0.8981481481481481
22/03/2022 20:31:56,"{'model': LGBMClassifier(learning_rate=0.01, max_depth=32, num_iteration=1024,
               num_leaves=512), 'add_eng_features': True, 'add_climate': True, 'add_geographic': True, 'add_family': True, 'add_rocky': True, 'add_stony': True, 'keep_initial_rows': False, 'columns_to_drop': ['ClimZone_3', 'GeoZone_5', 'F_Gothic', 'F_Troutville', 'F_Rogert', 'F_Bross', 'R_Limber_families', 'R_Aquolis', 'R_Cryoborolis', 'R_Cryaquolis', 'R_Borohemists', 'R_Cryaquepts', 'R_Cryaquolls', 'Vertical_Distance_To_Hydrology'], 'decomposition': None, 'columns_to_decomp': None, 'random_state': 2}",650.04,0.9130291005291006
22/03/2022 20:42:39,"{'model': LGBMClassifier(learning_rate=0.01, max_depth=32, num_iteration=1024,
               num_leaves=512), 'add_eng_features': True, 'add_climate': True, 'add_geographic': False, 'add_family': True, 'add_rocky': True, 'add_stony': True, 'keep_initial_rows': False, 'columns_to_drop': ['ClimZone_3', 'GeoZone_5', 'F_Gothic', 'F_Troutville', 'F_Rogert', 'F_Bross', 'R_Limber_families', 'R_Aquolis', 'R_Cryoborolis', 'R_Cryaquolis', 'R_Borohemists', 'R_Cryaquepts', 'R_Cryaquolls', 'Vertical_Distance_To_Hydrology'], 'decomposition': None, 'columns_to_decomp': None, 'random_state': 2}",643.1,0.9136904761904762
22/03/2022 20:51:56,"{'model': LGBMClassifier(learning_rate=0.01, max_depth=32, num_iteration=1024,
               num_leaves=512), 'add_eng_features': True, 'add_climate': False, 'add_geographic': True, 'add_family': True, 'add_rocky': True, 'add_stony': True, 'keep_initial_rows': False, 'columns_to_drop': ['ClimZone_3', 'GeoZone_5', 'F_Gothic', 'F_Troutville', 'F_Rogert', 'F_Bross', 'R_Limber_families', 'R_Aquolis', 'R_Cryoborolis', 'R_Cryaquolis', 'R_Borohemists', 'R_Cryaquepts', 'R_Cryaquolls', 'Vertical_Distance_To_Hydrology'], 'decomposition': None, 'columns_to_decomp': None, 'random_state': 2}",556.54,0.91005291005291
22/03/2022 21:01:46,"{'model': LGBMClassifier(learning_rate=0.01, max_depth=32, num_iteration=1024,
               num_leaves=512), 'add_eng_features': True, 'add_climate': False, 'add_geographic': False, 'add_family': True, 'add_rocky': True, 'add_stony': True, 'keep_initial_rows': False, 'columns_to_drop': ['ClimZone_3', 'GeoZone_5', 'F_Gothic', 'F_Troutville', 'F_Rogert', 'F_Bross', 'R_Limber_families', 'R_Aquolis', 'R_Cryoborolis', 'R_Cryaquolis', 'R_Borohemists', 'R_Cryaquepts', 'R_Cryaquolls', 'Vertical_Distance_To_Hydrology'], 'decomposition': None, 'columns_to_decomp': None, 'random_state': 2}",590.02,0.9120370370370371
22/03/2022 21:22:45,"{'model': LGBMClassifier(), 'add_eng_features': True, 'add_climate': True, 'add_geographic': True, 'add_family': True, 'add_rocky': True, 'add_stony': True, 'keep_initial_rows': False, 'columns_to_drop': ['ClimZone_3', 'GeoZone_5', 'F_Gothic', 'F_Troutville', 'F_Rogert', 'F_Bross', 'R_Limber_families', 'R_Aquolis', 'R_Cryoborolis', 'R_Cryaquolis', 'R_Borohemists', 'R_Cryaquepts', 'R_Cryaquolls'], 'decomposition': MCA(n_components=9, n_iter=3, random_state=42), 'columns_to_decomp': ['Wilderness_Area1', 'Wilderness_Area2', 'Wilderness_Area3', 'Wilderness_Area4', 'ClimZone_2', 'ClimZone_4', 'ClimZone_5', 'ClimZone_6', 'ClimZone_7', 'ClimZone_8', 'GeoZone_1', 'GeoZone_2', 'GeoZone_7', 'F_Cathedral', 'F_Ratake', 'F_Vanet', 'F_Legault', 'F_Catamount', 'F_Bullwark', 'F_Gateview', 'F_Leighcan', 'F_Como', 'F_Moran', 'R_Rock_outcrop', 'R_Ratake_families', 'R_Rock_land', 'R_till_substratum', 'R_Cryumbrepts', 'R_Cryorthents', 'Rock', 'S_rubbly', 'S_stony', 'S_very stony', 'S_extremely stony'], 'random_state': 2}",76.47,0.8948412698412699
22/03/2022 21:29:25,"{'model': LGBMClassifier(), 'add_eng_features': True, 'add_climate': True, 'add_geographic': True, 'add_family': True, 'add_rocky': True, 'add_stony': True, 'keep_initial_rows': False, 'columns_to_drop': ['ClimZone_3', 'GeoZone_5', 'F_Gothic', 'F_Troutville', 'F_Rogert', 'F_Bross', 'R_Limber_families', 'R_Aquolis', 'R_Cryoborolis', 'R_Cryaquolis', 'R_Borohemists', 'R_Cryaquepts', 'R_Cryaquolls'], 'decomposition': MCA(n_components=9, n_iter=3, random_state=42), 'columns_to_decomp': ['Wilderness_Area1', 'Wilderness_Area2', 'Wilderness_Area3', 'Wilderness_Area4', 'ClimZone_2', 'ClimZone_4', 'ClimZone_5', 'ClimZone_6', 'ClimZone_7', 'ClimZone_8', 'GeoZone_1', 'GeoZone_2', 'GeoZone_7', 'F_Cathedral', 'F_Ratake', 'F_Vanet', 'F_Legault', 'F_Catamount', 'F_Bullwark', 'F_Gateview', 'F_Leighcan', 'F_Como', 'F_Moran', 'R_Rock_outcrop', 'R_Ratake_families', 'R_Rock_land', 'R_till_substratum', 'R_Cryumbrepts', 'R_Cryorthents', 'Rock', 'S_rubbly', 'S_stony', 'S_very stony', 'S_extremely stony'], 'random_state': 2}",81.59,0.8948412698412699
